,Quarter,Institute,Country,Currency,ECL Stage 1,ECL Stage 2,ECL Stage 3,ECL POCI,ECL Performing,ECL Default,ECL Total,EAD Stage 1,EAD Stage 2,EAD Stage 3,EAD POCI,EAD Performing,EAD Default,EAD Total,Unnamed: 18,NPL Ratio,Coverage Ratio Performing,Coverage Ratio Default,Coverage Ratio Total,Share S1 (EAD),Share S2 (EAD),Share S3/Poci (EAD),Unnamed: 26,Exchange Rate,FCCY
0,2018-03-31,DB,DEU,EUR,453.0617928633592,531.0,3468.0,0.0,984.0617928633592,3468.0,4452.061792863359,357232.06179286336,24848.0,7879.0,1859.0,382080.06179286336,9738.0,391818.06179286336,,0.024853371882453044,0.002575538195439383,0.3561306223043746,0.011362574181730716,0.9117294393174655,0.06341718880008146,0.024853371882453044,,,
1,2018-06-30,DB,DEU,EUR,657.9686684073104,504.0,3495.0,9.0,1161.9686684073104,3504.0,4665.96866840731,359053.9686684073,26586.0,7913.0,2078.0,385639.9686684073,9991.0,395630.9686684073,,0.025253331491281263,0.0030130919064730805,0.3507156440796717,0.011793739716867382,0.9075476823184271,0.06719898619029162,0.025253331491281263,,,
2,2018-09-30,DB,DEU,EUR,457.15274151436006,487.0,3300.0,-1.0,944.1527415143601,3299.0,4243.15274151436,362432.1527415144,26248.0,7845.0,1832.0,388680.1527415144,9677.0,398357.1527415144,,0.024292271227973162,0.0024291251684833365,0.34091143949571145,0.010651629353992428,0.9098171082086457,0.06589062056338117,0.024292271227973162,,,
3,2018-12-31,DB,DEU,EUR,496.0,501.0,3247.0,3.0,997.0,3250.0,4247.0,362794.0,32335.0,7452.0,1963.0,395129.0,9415.0,404544.0,,0.02327311738648948,0.0025232265918219113,0.34519383961763145,0.010498239993671887,0.8967973817433951,0.0799295008701155,0.02327311738648948,,,
4,2019-03-31,DB,DEU,EUR,520.8027706034281,527.0,3252.0,17.0,1047.8027706034281,3269.0,4316.802770603428,375851.80277060345,29428.0,7312.0,2289.0,405279.80277060345,9601.0,414880.80277060345,,0.02314158653734721,0.0025853811698494772,0.34048536610769714,0.010404922912256998,0.9059271970663343,0.07093121639631848,0.02314158653734721,,,
5,2019-06-30,DB,DEU,EUR,544.3831885419113,534.0,2996.0,37.0,1078.3831885419113,3033.0,4111.383188541911,380111.3831885419,29124.0,7543.0,2222.0,409235.3831885419,9765.0,419000.3831885419,,0.02330546794656735,0.0026351171791151825,0.3105990783410138,0.009812361404671724,0.90718624239897,0.06950828965446261,0.02330546794656735,,,
6,2019-09-30,DB,DEU,EUR,536.2084996478043,515.0,3068.0,54.0,1051.2084996478043,3122.0,4173.208499647804,392400.2084996478,28511.0,7537.0,2264.0,420911.2084996478,9801.0,430712.2084996478,,0.022755333623212155,0.0024974590327372665,0.31853892459953065,0.009689088020478567,0.9110496539360775,0.06619501244071031,0.022755333623212155,,,
7,2019-12-31,DB,DEU,EUR,537.0,488.0,2932.0,33.0,1025.0,2965.0,3990.0,400434.0,23832.0,7437.0,2130.0,424266.0,9567.0,433831.0,,0.022052366013493734,0.00241593717149147,0.3099195149994774,0.009197129757901119,0.9230184103948311,0.05493383368177931,0.022052366013493734,,,
8,2020-03-31,DB,DEU,EUR,588.1651600293189,586.0,3132.0,78.0,1174.165160029319,3210.0,4384.165160029319,405144.1651600293,43656.0,8040.0,2062.0,448800.1651600293,10102.0,458902.1651600293,,0.022013406706148816,0.002616231568476908,0.3177588596317561,0.009553594410478459,0.8828552051366909,0.09513138815716023,0.022013406706148816,,,
9,2020-06-30,DB,DEU,EUR,589.7021744441736,796.0,3438.0,121.0,1385.7021744441736,3559.0,4944.702174444174,377763.70217444416,51795.0,10419.0,1981.0,429558.70217444416,12400.0,441958.70217444416,,0.028056920112652595,0.0032258738268592653,0.28701612903225804,0.01118815434590643,0.854748872045828,0.11719420784151945,0.028056920112652595,,,
10,2020-09-30,DB,DEU,EUR,473.3330075739068,720.0,3550.0,114.0,1193.3330075739068,3664.0,4857.333007573907,378961.3330075739,40992.0,10606.0,2034.0,419953.3330075739,12640.0,432593.3330075739,,0.0292191280714414,0.0028415847995005316,0.289873417721519,0.011228404686229558,0.8760221300057321,0.0947587419228264,0.0292191280714414,,,
11,2020-12-31,DB,DEU,EUR,522.0,647.0,3506.0,133.0,1169.0,3639.0,4808.0,385422.0,34537.0,10138.0,1710.0,419959.0,11848.0,431807.0,,0.027438184188769518,0.002783605066208844,0.30714044564483456,0.011134604117117138,0.892579323633012,0.07998249217821851,0.027438184188769518,,,
12,2018-03-31,Coba,DEU,EUR,215.0,286.0,1436.0,59.0,501.0,1495.0,1996.0,,,,,203659.0,4119.0,207778.0,,0.019824042968938003,0.0024599944024079464,0.3629521728574897,0.009606406838067552,,,0.019824042968938003,,,
13,2018-06-30,Coba,DEU,EUR,226.0,290.0,1394.0,53.0,516.0,1447.0,1963.0,,,,,208160.0,3902.0,212062.0,,0.01840027916364082,0.002478862413528055,0.37083546899026143,0.009256726806311361,,,0.01840027916364082,,,
14,2018-09-30,Coba,DEU,EUR,247.0,321.0,1428.0,59.0,568.0,1487.0,2055.0,,,,,210974.0,3716.0,214690.0,,0.017308677628208115,0.0026922748774730536,0.40016146393972013,0.00957194093809679,,,0.017308677628208115,,,
15,2018-12-31,Coba,DEU,EUR,243.0,317.0,1469.0,61.0,560.0,1530.0,2090.0,,,,,211751.0,3769.0,215520.0,,0.017487936154417225,0.0026446156098436373,0.4059432210135314,0.009697475872308835,,,0.017487936154417225,,,
16,2019-03-31,Coba,DEU,EUR,254.0,351.0,1437.0,81.0,605.0,1518.0,2123.0,,,,,225142.0,3667.0,228809.0,,0.016026467490352216,0.002687192971546846,0.41396236705754025,0.009278481178624967,,,0.016026467490352216,,,
17,2019-06-30,Coba,DEU,EUR,254.0,330.0,1461.0,92.0,584.0,1553.0,2137.0,,,,,229786.0,3762.0,233548.0,,0.016108037748128863,0.0025414951302516254,0.41281233386496546,0.009150153287546885,,,0.016108037748128863,,,
18,2019-09-30,Coba,DEU,EUR,248.0,297.0,1453.0,74.0,545.0,1527.0,2072.0,,,,,232354.0,3568.0,235922.0,,0.015123642559829096,0.002345558931630185,0.4279708520179372,0.00878256372868999,,,0.015123642559829096,,,
19,2019-12-31,Coba,DEU,EUR,239.0,295.0,1521.0,76.0,534.0,1597.0,2131.0,,,,,231325.0,3735.0,235060.0,,0.01588956011231175,0.0023084405057819087,0.4275769745649264,0.009065770441589382,,,0.01588956011231175,,,
20,2020-03-31,Coba,DEU,EUR,253.0,372.0,1590.0,111.0,625.0,1701.0,2326.0,,,,,241610.0,3921.0,245531.0,,0.01596947025019244,0.0025868134597077934,0.4338179035960214,0.009473345524597708,,,0.01596947025019244,,,
21,2020-06-30,Coba,DEU,EUR,257.0,419.0,1891.0,51.0,676.0,1942.0,2618.0,,,,,241706.0,4457.0,246163.0,,0.01810588918724585,0.002796786178249609,0.43571909356069105,0.01063522950240288,,,0.01810588918724585,,,
22,2020-09-30,Coba,DEU,EUR,242.0,470.0,1959.0,59.0,712.0,2018.0,2730.0,,,,,236759.0,4705.0,241464.0,,0.019485306298247358,0.0030072774424625887,0.42890541976620616,0.011306033197495279,,,0.019485306298247358,,,
23,2020-12-31,Coba,DEU,EUR,253.0,686.0,2039.0,75.0,939.0,2114.0,3053.0,,,,,230920.0,4792.0,235712.0,,0.02032989410806408,0.004066343322362723,0.4411519198664441,0.012952246809666033,,,0.02032989410806408,,,
24,2018-12-31,BayernLB,DEU,EUR,93.0,202.0,719.0,19.0,295.0,738.0,1033.0,111227.0,24987.0,1497.0,314.0,136214.0,1811.0,138025.0,,0.013120811447201593,0.002165709838929919,0.4075096631695196,0.0074841514218438685,0.8058467668900562,0.18103242166274225,0.013120811447201593,,,
25,2019-06-30,BayernLB,DEU,EUR,83.0,191.0,682.0,31.0,274.0,713.0,987.0,111486.0,30428.0,1435.0,340.0,141914.0,1775.0,143689.0,,0.012353068084543702,0.001930746790309624,0.40169014084507043,0.006869001802504019,0.7758840273089798,0.21176290460647648,0.012353068084543702,,,
26,2019-12-31,BayernLB,DEU,EUR,120.0,141.0,658.0,44.0,261.0,702.0,963.0,135556.0,6854.0,1488.0,153.0,142410.0,1641.0,144051.0,,0.011391798737946978,0.0018327364651358753,0.42778793418647165,0.006685132348959744,0.9410278304211703,0.04758037084088274,0.011391798737946978,,,
27,2020-06-30,BayernLB,DEU,EUR,143.0,203.0,607.0,50.0,346.0,657.0,1003.0,137973.0,11504.0,1433.0,143.0,149477.0,1576.0,151053.0,,0.010433424029976233,0.0023147373843467557,0.4168781725888325,0.0066400534911587325,0.9134078767055271,0.07615869926449657,0.010433424029976233,,,
28,2020-12-31,BayernLB,DEU,EUR,154.0,295.0,575.0,49.0,449.0,624.0,1073.0,136584.0,13379.0,1317.0,133.0,149963.0,1450.0,151413.0,,0.009576456446936525,0.0029940718710615285,0.4303448275862069,0.007086577770733028,0.9020625705850884,0.08836097296797502,0.009576456446936525,,,
29,2018-06-30,Aareal,DEU,EUR,33.0,46.0,461.0,0.0,79.0,461.0,540.0,22866.0,1518.0,1430.0,0.0,24384.0,1430.0,25814.0,,0.0553962965832494,0.0032398293963254595,0.32237762237762235,0.020918881227241032,0.8857984039668397,0.0588052994499109,0.0553962965832494,,,
30,2018-12-31,Aareal,DEU,EUR,34.0,22.0,519.0,0.0,56.0,519.0,575.0,27566.0,1227.0,1564.0,0.0,28793.0,1564.0,30357.0,,0.051520242448199756,0.0019449171673670683,0.33184143222506396,0.01894126560595579,0.908060743815265,0.04041901373653523,0.051520242448199756,,,
31,2019-06-30,Aareal,DEU,EUR,32.0,14.0,548.0,0.0,46.0,548.0,594.0,23989.0,445.0,1746.0,0.0,24434.0,1746.0,26180.0,,0.06669213139801375,0.0018826225751002702,0.3138602520045819,0.0226890756302521,0.9163101604278074,0.016997708174178762,0.06669213139801375,,,
32,2019-12-31,Aareal,DEU,EUR,22.0,16.0,345.0,0.0,38.0,345.0,383.0,24248.0,600.0,935.0,0.0,24848.0,935.0,25783.0,,0.036264205096381334,0.0015292981326464907,0.3689839572192513,0.014854749253384012,0.9404646472481868,0.023271147655431874,0.036264205096381334,,,
33,2020-06-30,Aareal,DEU,EUR,33.0,28.0,417.0,0.0,61.0,417.0,478.0,23902.0,916.0,981.0,0.0,24818.0,981.0,25799.0,,0.03802472964068375,0.002457893464420985,0.42507645259938837,0.018527849916663435,0.9264700182177604,0.03550525214155587,0.03802472964068375,,,
34,2020-12-31,Aareal,DEU,EUR,19.0,77.0,492.0,0.0,96.0,492.0,588.0,19102.0,6628.0,1547.0,0.0,25730.0,1547.0,27277.0,,0.0567144480698024,0.0037310532452390207,0.31803490627020037,0.021556622795762,0.7002969534772886,0.24298859845290904,0.0567144480698024,,,
35,2017-12-31,NordLB,DEU,EUR,80.0,197.0,2633.0,0.0,277.0,2633.0,2910.0,93558.0,3408.0,5179.0,0.0,96966.0,5179.0,102145.0,,0.05070243281609477,0.002856671410597529,0.508399304885113,0.02848891282001077,0.9159332321699545,0.03336433501395076,0.05070243281609477,,,
36,2018-06-30,NordLB,DEU,EUR,79.0,168.0,2180.0,0.0,247.0,2180.0,2427.0,80427.0,3184.0,5033.0,0.0,83611.0,5033.0,88644.0,,0.05677767248770362,0.0029541567497099663,0.4331412676336181,0.027379179639907946,0.9073033707865169,0.03591895672577952,0.05677767248770362,,,
37,2018-12-31,NordLB,DEU,EUR,66.0,123.0,3782.0,0.0,189.0,3782.0,3971.0,82526.0,2524.0,2765.0,0.0,85050.0,2765.0,87815.0,,0.031486648066958944,0.0022222222222222222,1.3678119349005424,0.04522006490918408,0.9397711097192962,0.028742242213744804,0.031486648066958944,,,
38,2019-06-30,NordLB,DEU,EUR,62.0,96.0,2242.0,0.0,158.0,2242.0,2400.0,79831.0,2894.0,3896.0,0.0,82725.0,3896.0,86621.0,,0.04497754586070352,0.001909942580840133,0.5754620123203286,0.027706907101049397,0.921612541993281,0.0334099121460154,0.04497754586070352,,,
39,2019-12-31,NordLB,DEU,EUR,49.0,94.0,1452.0,0.0,143.0,1452.0,1595.0,76196.0,2688.0,2714.0,0.0,78884.0,2714.0,81598.0,,0.033260619132821884,0.0018127883981542518,0.5350036845983788,0.019547047721757888,0.9337973969950244,0.03294198387215373,0.033260619132821884,,,
40,2020-06-30,NordLB,DEU,EUR,124.0,120.0,1108.0,0.0,244.0,1108.0,1352.0,71530.0,3295.0,2137.0,0.0,74825.0,2137.0,76962.0,,0.02776694992333879,0.0032609421984630804,0.5184838558727187,0.01756711104181284,0.9294197136249058,0.04281333645175541,0.02776694992333879,,,
41,2017-12-31,pbb,DEU,EUR,12.0,43.0,39.0,0.0,55.0,39.0,94.0,36782.0,2384.0,194.0,0.0,39166.0,194.0,39360.0,,0.004928861788617886,0.0014042792217739877,0.20103092783505155,0.002388211382113821,0.9345020325203252,0.06056910569105691,0.004928861788617886,,,
42,2018-06-30,pbb,DEU,EUR,13.0,39.0,40.0,0.0,52.0,40.0,92.0,38332.0,3100.0,200.0,0.0,41432.0,200.0,41632.0,,0.0048039969254419675,0.0012550685460513613,0.2,0.0022098385857033053,0.9207340507302075,0.0744619523443505,0.0048039969254419675,,,
43,2018-12-31,pbb,DEU,EUR,13.0,38.0,56.0,0.0,51.0,56.0,107.0,39430.0,2400.0,300.0,0.0,41830.0,300.0,42130.0,,0.007120816520294327,0.0012192206550322735,0.18666666666666668,0.00253975789223831,0.935912651317351,0.056966532162354616,0.007120816520294327,,,
44,2019-06-30,pbb,DEU,EUR,13.0,35.0,33.0,0.0,48.0,33.0,81.0,40627.0,2000.0,200.0,0.0,42627.0,200.0,42827.0,,0.00466995119900997,0.0011260468717010346,0.165,0.001891330235599038,0.9486305368108904,0.0466995119900997,0.00466995119900997,,,
45,2019-12-31,pbb,DEU,EUR,24.0,45.0,55.0,0.0,69.0,55.0,124.0,36730.0,3092.0,492.0,0.0,39822.0,492.0,40314.0,,0.012204197053132906,0.001732710562000904,0.11178861788617886,0.003075854541846505,0.9110978816292107,0.0766979213176564,0.012204197053132906,,,
46,2020-06-30,pbb,DEU,EUR,42.0,80.0,65.0,0.0,122.0,65.0,187.0,31777.0,9203.0,482.0,0.0,40980.0,482.0,41462.0,,0.011625102503497178,0.002977061981454368,0.13485477178423236,0.004510153875838117,0.7664126187834643,0.22196227871303845,0.011625102503497178,,,
47,2020-12-31,pbb,DEU,EUR,39.0,90.0,113.0,0.0,129.0,113.0,242.0,30394.0,8731.0,455.0,0.0,39125.0,455.0,39580.0,,0.011495704901465387,0.0032971246006389776,0.24835164835164836,0.006114199090449722,0.7679130874178878,0.2205912076806468,0.011495704901465387,,,
48,2018-06-30,Helaba,DEU,EUR,37.0,109.0,192.0,24.0,146.0,216.0,362.0,97549.0,2621.0,557.0,46.0,100170.0,603.0,100773.0,,0.00598374564615522,0.0014575222122391934,0.3582089552238806,0.0035922320462822383,0.9680073035436079,0.02600895081023687,0.00598374564615522,,,
49,2018-12-31,Helaba,DEU,EUR,46.0,66.0,185.0,2.0,112.0,187.0,299.0,103052.0,3398.0,586.0,14.0,106450.0,600.0,107050.0,,0.005604857543204111,0.0010521371535932363,0.31166666666666665,0.0027930873423633817,0.9626529659037832,0.03174217655301261,0.005604857543204111,,,
50,2019-06-30,Helaba,DEU,EUR,43.0,68.0,191.0,3.0,111.0,194.0,305.0,124689.0,3155.0,603.0,5.0,127844.0,608.0,128452.0,,0.00473328558527699,0.0008682456744156941,0.3190789473684211,0.0023744278018248063,0.9707050104319123,0.024561703982810698,0.00473328558527699,,,
51,2019-12-31,Helaba,DEU,EUR,39.0,121.0,126.0,0.0,160.0,126.0,286.0,126270.0,3849.0,483.0,10.0,130119.0,493.0,130612.0,,0.0037745383272593637,0.001229643633904349,0.25557809330628806,0.0021896916056717607,0.9667565001684378,0.02946896150430282,0.0037745383272593637,,,
52,2020-06-30,Helaba,DEU,EUR,52.0,251.0,112.0,0.0,303.0,112.0,415.0,129129.0,3894.0,547.0,2.0,133023.0,549.0,133572.0,,0.004110142844308688,0.0022778015831848627,0.2040072859744991,0.003106938579941904,0.966737040697152,0.029152816458539215,0.004110142844308688,,,
53,2020-12-31,Helaba,DEU,EUR,43.0,355.0,155.0,0.0,398.0,155.0,553.0,124386.0,7280.0,732.0,2.0,131666.0,734.0,132400.0,,0.005543806646525679,0.0030228001154436225,0.2111716621253406,0.004176737160120846,0.9394712990936556,0.05498489425981873,0.005543806646525679,,,
54,2018-01-01,DZ Bank,DEU,EUR,217.0,185.0,2420.0,11.0,402.0,2431.0,2833.0,,,5357.795018374847,32.0,171819.20498162514,5389.795018374847,177209.0,,0.03041490566717744,0.002339668607144301,0.4510375611154513,0.015986772680845782,,,0.03041490566717744,,,
55,2018-06-30,DZ Bank,DEU,EUR,221.0,164.0,2235.0,8.0,385.0,2243.0,2628.0,,,4968.102758007118,29.0,175231.89724199288,4997.102758007118,180229.0,,0.02772640783673614,0.002197088578390042,0.44886009126106613,0.014581449156351086,,,0.02772640783673614,,,
56,2018-12-31,DZ Bank,DEU,EUR,218.0,164.0,1957.0,3.0,382.0,1960.0,2342.0,,,4315.919371196755,22.0,172553.08062880323,4337.919371196755,176891.0,,0.02452312085519758,0.0022138115332855732,0.4518295137097652,0.013239791736153902,,,0.02452312085519758,,,
57,2019-06-30,DZ Bank,DEU,EUR,223.0,172.0,1867.0,1.0,395.0,1868.0,2263.0,,,4144.700318809777,21.0,184321.29968119023,4165.700318809777,188487.0,,0.02210073012361477,0.0021429970420304566,0.44842400005714395,0.012006133048963589,,,0.02210073012361477,,,
58,2019-12-31,DZ Bank,DEU,EUR,202.0,203.0,1807.0,1.0,405.0,1808.0,2213.0,,,3850.9023587493143,31.0,184555.09764125067,3881.9023587493143,188437.0,,0.020600531523794766,0.0021944666128229273,0.46575102434634863,0.011743978093474211,,,0.020600531523794766,,,
59,2020-06-30,DZ Bank,DEU,EUR,241.0,345.0,1948.0,4.0,586.0,1952.0,2538.0,,,4153.2830188679245,49.0,188432.71698113208,4202.2830188679245,192635.0,,0.021814743005517816,0.0031098633474497778,0.46450940863232476,0.013175175850702105,,,0.021814743005517816,,,
60,2020-12-31,DZ Bank,DEU,EUR,246.0,336.0,1661.0,7.0,582.0,1668.0,2250.0,,,3722.3486842105262,69.0,186502.65131578947,3791.3486842105262,190294.0,,0.0199236375514232,0.0031205990686671136,0.4399489835758349,0.011823809473761653,,,0.0199236375514232,,,
61,2018-06-30,LBBW,DEU,EUR,137.0,248.0,513.0,23.0,385.0,536.0,921.0,96357.0,12686.0,1019.0,72.0,109043.0,1091.0,110134.0,,0.009906114369767738,0.0035307172399878946,0.4912923923006416,0.008362540178328218,0.8749069315561043,0.11518695407412788,0.009906114369767738,,,
62,2018-12-31,LBBW,DEU,EUR,42.0,287.0,499.0,21.0,329.0,520.0,849.0,94525.0,14537.0,957.0,61.0,109062.0,1018.0,110080.0,,0.009247819767441861,0.003016632741009701,0.5108055009823183,0.007712572674418604,0.8586936773255814,0.13205850290697674,0.009247819767441861,,,
63,2019-06-30,LBBW,DEU,EUR,31.0,292.0,535.0,19.0,323.0,554.0,877.0,91140.0,18973.0,1029.0,55.0,110113.0,1084.0,111197.0,,0.009748464436990206,0.0029333502856156855,0.511070110701107,0.007886903423653516,0.8196264287705604,0.17062510679244944,0.009748464436990206,,,
64,2019-12-31,LBBW,DEU,EUR,33.0,294.0,549.0,1.0,327.0,550.0,877.0,96214.0,13888.0,1064.0,31.0,110102.0,1095.0,111197.0,,0.009847387969099886,0.002969973297487784,0.502283105022831,0.007886903423653516,0.8652571562182433,0.12489545581265682,0.009847387969099886,,,
65,2020-06-30,LBBW,DEU,EUR,37.0,358.0,740.0,1.0,395.0,741.0,1136.0,101620.0,13979.0,1298.0,33.0,115599.0,1331.0,116930.0,,0.011382878645343368,0.0034169845759911416,0.5567242674680691,0.009715214230736338,0.8690669631403404,0.11955015821431626,0.011382878645343368,,,
66,2020-12-31,LBBW,DEU,EUR,16.0,520.0,541.0,0.0,536.0,541.0,1077.0,69272.0,38840.0,1053.0,28.0,108112.0,1081.0,109193.0,,0.009899902008370499,0.004957821518425337,0.5004625346901017,0.009863269623510664,0.6343996410026284,0.3557004569890011,0.009899902008370499,,,
67,2017-12-31,HVB,DEU,EUR,140.0,181.0,1771.0,0.0,321.0,1771.0,2092.0,112760.0,6818.0,3502.0,0.0,119578.0,3502.0,123080.0,,0.02845303867403315,0.002684440281657161,0.5057110222729868,0.01699707507312317,0.9161520961975951,0.055394865128371794,0.02845303867403315,,,
68,2018-06-30,HVB,DEU,EUR,143.0,169.0,1582.0,0.0,312.0,1582.0,1894.0,123260.0,6143.0,3042.0,0.0,129403.0,3042.0,132445.0,,0.022968024462984637,0.0024110723862661608,0.5200525969756739,0.01430027558609234,0.9306504586809619,0.046381516856053455,0.022968024462984637,,,
69,2018-12-31,HVB,DEU,EUR,139.0,187.0,1620.0,0.0,326.0,1620.0,1946.0,124753.0,7915.0,2984.0,0.0,132668.0,2984.0,135652.0,,0.021997464099312948,0.002457261736062954,0.5428954423592494,0.014345531212219502,0.9196547046855188,0.058347831215168226,0.021997464099312948,,,
70,2019-06-30,HVB,DEU,EUR,134.0,210.0,1583.0,0.0,344.0,1583.0,1927.0,128664.0,9486.0,2950.0,0.0,138150.0,2950.0,141100.0,,0.020907158043940468,0.0024900470503076365,0.5366101694915254,0.01365698086463501,0.911863926293409,0.0672289156626506,0.020907158043940468,,,
71,2019-12-31,HVB,DEU,EUR,139.0,237.0,1454.0,0.0,376.0,1454.0,1830.0,127733.0,11060.0,2669.0,0.0,138793.0,2669.0,141462.0,,0.01886725763809362,0.00270907034216423,0.5447733233420757,0.012936336259914324,0.9029492019058122,0.07818354045609421,0.01886725763809362,,,
72,2020-06-30,HVB,DEU,EUR,174.0,448.0,1512.0,0.0,622.0,1512.0,2134.0,129743.0,19989.0,2779.0,0.0,149732.0,2779.0,152511.0,,0.018221636472123322,0.004154088638367216,0.5440806045340051,0.013992433332677643,0.8507124076296136,0.1310659558982631,0.018221636472123322,,,
73,2020-12-31,HVB,DEU,EUR,112.0,447.0,1351.0,0.0,559.0,1351.0,1910.0,119903.0,22903.0,3324.0,27.0,142806.0,3351.0,146157.0,,0.022927399987684477,0.003914401355685335,0.40316323485526706,0.013068139055946688,0.8203712446205108,0.15670135539180471,0.022927399987684477,,,
74,2017-12-31,Deka,DEU,EUR,8.0,19.0,95.0,0.0,27.0,95.0,122.0,15515.0,535.0,237.0,0.0,16050.0,237.0,16287.0,,0.014551482777675446,0.0016822429906542056,0.4008438818565401,0.00749063670411985,0.9526002333149137,0.03284828390741082,0.014551482777675446,,,
75,2018-12-31,Deka,DEU,EUR,9.0,12.0,63.0,0.0,21.0,63.0,84.0,18086.0,674.0,158.0,0.0,18760.0,158.0,18918.0,,0.008351834231948409,0.001119402985074627,0.3987341772151899,0.004440215667618141,0.9560207210064489,0.035627444761602706,0.008351834231948409,,,
76,2019-12-31,Deka,DEU,EUR,9.3,8.0,72.0,0.0,17.3,72.0,89.3,21969.4,956.4,186.2,0.0,22925.800000000003,186.2,23112.000000000004,,0.008056420906888195,0.0007546083451831561,0.3866809881847476,0.0038637937002422977,0.9505624783662165,0.04138110072689511,0.008056420906888195,,,
77,2020-12-31,Deka,DEU,EUR,10.5,51.9,123.0,0.0,62.4,123.0,185.4,16006.7,4795.7,506.2,0.0,20802.4,506.2,21308.600000000002,,0.023755666726110583,0.0029996538860900665,0.24298696167522718,0.00870071238842533,0.7511849675717784,0.22505936570211085,0.023755666726110583,,,
78,2017-12-31,BNP,FR,EUR,1422.0,3626.0,22362.0,0.0,5048.0,22362.0,27410.0,631760.0,89413.0,37413.0,0.0,721173.0,37413.0,758586.0,,0.049319391604907024,0.006999707421104229,0.5977066794964317,0.03613301590063618,0.8328126277047032,0.11786798069038976,0.049319391604907024,,,
79,2018-06-30,BNP,FR,EUR,1412.0,3317.0,21580.0,0.0,4729.0,21580.0,26309.0,652040.0,85459.0,36609.0,0.0,737499.0,36609.0,774108.0,,0.04729185074950782,0.006412212084355369,0.58947253407632,0.03398621380995934,0.8423114087439996,0.11039674050649263,0.04729185074950782,,,
80,2018-12-31,BNP,FR,EUR,1515.0,3231.0,19335.0,0.0,4746.0,19335.0,24081.0,668667.0,87328.0,33957.0,0.0,755995.0,33957.0,789952.0,,0.04298615612087823,0.0062778192977466785,0.569396589804753,0.030484130681357854,0.8464653548570039,0.1105484890221178,0.04298615612087823,,,
81,2019-06-30,BNP,FR,EUR,1522.0,3115.0,18534.0,0.0,4637.0,18534.0,23171.0,699941.0,84328.0,32862.0,0.0,784269.0,32862.0,817131.0,,0.0402163178241922,0.005912512161005981,0.5639948877122513,0.028356530348255055,0.8565835832932541,0.10320009888255371,0.0402163178241922,,,
82,2019-12-31,BNP,FR,EUR,1600.0,3100.0,16476.0,0.0,4700.0,16476.0,21176.0,719160.0,78005.0,29788.0,0.0,797165.0,29788.0,826953.0,,0.036021394202572575,0.005895893572848783,0.5531086343494025,0.025607259421031182,0.8696503912556095,0.09432821454181797,0.036021394202572575,,,
83,2020-06-30,BNP,FR,EUR,2014.0,3215.0,17004.0,0.0,5229.0,17004.0,22233.0,737521.0,81573.0,31192.0,0.0,819094.0,31192.0,850286.0,,0.03668412745829051,0.00638388268013195,0.5451397794306232,0.02614767266543257,0.8673799168750279,0.09593595566668156,0.03668412745829051,,,
84,2020-12-31,BNP,FR,EUR,2303.0,3101.0,16042.0,0.0,5404.0,16042.0,21446.0,707664.0,93244.0,30071.0,0.0,800908.0,30071.0,830979.0,,0.03618743674629563,0.006747341767094348,0.5334707858069236,0.025808113081076656,0.8516027480838866,0.11220981516981778,0.03618743674629563,,,
85,2018-12-31,CA,FR,EUR,1800.0,3715.0,13960.0,0.0,5515.0,13960.0,19475.0,785415.0,65693.0,23048.0,0.0,851108.0,23048.0,874156.0,,0.02636600332206151,0.006479788698966524,0.6056924678930927,0.02227863218922023,0.898483794654501,0.07515020202343746,0.02636600332206151,,,
86,2019-06-30,CA,FR,EUR,1783.0,3757.0,13796.0,0.0,5540.0,13796.0,19336.0,817455.0,62846.0,23099.0,0.0,880301.0,23099.0,903400.0,,0.025568961700243524,0.006293301950128422,0.597255292436902,0.021403586451184415,0.9048649546158956,0.06956608368386097,0.025568961700243524,,,
87,2019-12-31,CA,FR,EUR,1776.0,3653.0,13561.0,0.0,5429.0,13561.0,18990.0,845325.0,64163.0,22999.0,0.0,909488.0,22999.0,932487.0,,0.024664150813898746,0.005969292612986648,0.589634331927475,0.02036489516743933,0.9065273832235731,0.06880846596252817,0.024664150813898746,,,
88,2020-06-30,CA,FR,EUR,2251.0,3886.0,13991.0,0.0,6137.0,13991.0,20128.0,884001.0,67386.0,23815.0,0.0,951387.0,23815.0,975202.0,,0.024420581582072227,0.0064505821500609115,0.5874868780180559,0.020639826415450337,0.9064798882693021,0.06909953014862562,0.024420581582072227,,,
89,2020-12-31,CA,FR,EUR,2348.0,4354.0,12884.0,0.0,6702.0,12884.0,19586.0,889620.0,72129.0,23326.0,0.0,961749.0,23326.0,985075.0,,0.02367941527294876,0.0069685541653799485,0.5523450227214267,0.019882750044412863,0.9030987488262315,0.07322183590081974,0.02367941527294876,,,
90,2017-12-31,SocGen,FR,EUR,982.0,1217.0,1162.0,0.0,,,,,,,,,,430398.0,,,,,,0.0,0.0,0.0,,,
91,2018-06-30,SocGen,FR,EUR,968.0,1123.0,10758.0,0.0,,,,,,,,,,439600.0,,,,,,0.0,0.0,0.0,,,
92,2018-12-31,SocGen,FR,EUR,,,,,1687.0,9748.0,11435.0,,,,,440509.0,17818.0,458327.0,,0.038876173561671036,0.0038296606879768633,0.547087215175665,0.024949435664929187,0.0,0.0,0.0,,,
93,2019-06-30,SocGen,FR,EUR,,,,,1651.0,9499.0,11150.0,,,,,432047.0,16877.0,448924.0,,0.03759433668059627,0.0038213435112383607,0.5628369970966404,0.02483716620185154,0.0,0.0,0.0,,,
94,2019-12-31,SocGen,FR,EUR,,,,,1695.0,9032.0,10727.0,,,,,444611.0,15976.0,460587.0,,0.03468617221067898,0.0038123213325806154,0.5653480220330496,0.02328984534952137,0.0,0.0,0.0,,,
95,2020-06-30,SocGen,FR,EUR,,,,,2367.0,9637.0,12004.0,,,,,452578.0,17459.0,470037.0,,0.03714388441760968,0.005230037695159729,0.5519789220459362,0.02553841506094201,0.0,0.0,0.0,,,
96,2020-12-31,SocGen,FR,EUR,,,,,2668.0,8933.0,11601.0,,,,,443126.0,16807.0,459933.0,,0.03654227898411291,0.006020860883811828,0.5315047301719522,0.02522323903699017,0.0,0.0,0.0,,,
97,2017-12-31,BPCE,FR,EUR,183.0,497.0,3111.0,,,,,115693.0,54537.0,9352.0,,,,,,,,,,,,,,,
98,2018-06-30,BPCE,FR,EUR,152.0,397.0,2783.0,174.0,549.0,2957.0,3506.0,134691.0,36529.0,6011.0,605.0,171220.0,6616.0,177836.0,,0.03720281607773454,0.003206401121364327,0.4469467956469166,0.01971479340515981,0.7573888301581232,0.20540835376414224,0.03720281607773454,,,
99,2018-12-31,BPCE,FR,EUR,142.0,345.0,2538.0,97.0,487.0,2635.0,3122.0,136491.0,35641.0,7714.0,279.0,172132.0,7993.0,180125.0,,0.04437473976405274,0.0028292240838426325,0.3296634555235831,0.017332408049965303,0.7577571131158918,0.19786814712005552,0.04437473976405274,,,
100,2019-06-30,BPCE,FR,EUR,150.0,341.0,2455.0,83.0,491.0,2538.0,3029.0,139284.0,32956.0,7302.0,271.0,172240.0,7573.0,179813.0,,0.042115976041776734,0.0028506734788666978,0.33513799022844315,0.016845278150078136,0.774604728245455,0.18327929571276827,0.042115976041776734,,,
101,2019-12-31,BPCE,FR,EUR,181.0,334.0,2471.0,357.0,515.0,2828.0,3343.0,140294.0,32198.0,7418.0,711.0,172492.0,8129.0,180621.0,,0.0450058409597998,0.0029856457111054426,0.34789026940583095,0.018508368351409857,0.7767313878231213,0.17826277121707887,0.0450058409597998,,,
102,2020-06-30,BPCE,FR,EUR,241.0,342.0,2722.0,392.0,583.0,3114.0,3697.0,139878.0,29869.0,8941.0,762.0,169747.0,9703.0,179450.0,,0.054070771802730566,0.003434523143266155,0.32093167061733485,0.020601838952354415,0.7794817497910281,0.1664474784062413,0.054070771802730566,,,
103,2020-12-31,BPCE,FR,EUR,242.0,435.0,2572.0,84.0,677.0,2656.0,3333.0,136153.0,30023.0,7969.0,399.0,166176.0,8368.0,174544.0,,0.047942066183884864,0.004073993837858656,0.3173996175908222,0.01909547162893024,0.7800497295810799,0.1720082042350353,0.047942066183884864,,,
104,2017-12-31,UniCredit,ITA,EUR,,,,,2015.0,27240.0,29255.0,,,,,428550.0,48432.0,476982.0,,0.10153842283356605,0.004701901761754754,0.5624380574826561,0.061333551370911274,0.0,0.0,0.0,,,
105,2018-06-30,UniCredit,ITA,EUR,,,,,2578.0,25911.0,28489.0,,,,,442299.0,42482.0,484781.0,,0.08763132218465658,0.005828636284504374,0.6099289110682171,0.058766742095915474,0.0,0.0,0.0,,,
106,2018-12-31,UniCredit,ITA,EUR,,,,,2604.0,23253.0,25857.0,,,,,457104.0,38118.0,495222.0,,0.07697154003658965,0.005696734222408905,0.6100267590114906,0.052212946920774925,0.0,0.0,0.0,,,
107,2019-06-30,UniCredit,ITA,EUR,,,,,2711.0,20913.0,23624.0,,,,,455682.0,34316.0,489998.0,,0.07003293890995474,0.005949324309496535,0.6094241753118079,0.04821244168343544,0.0,0.0,0.0,,,
108,2019-12-31,UniCredit,ITA,EUR,,,,,2613.0,16412.0,19025.0,,,,,473560.0,25166.0,498726.0,,0.05046057354138345,0.005517780217923811,0.6521497258205515,0.038147199063213066,0.0,0.0,0.0,,,
109,2020-06-30,UniCredit,ITA,EUR,,,,,3700.0,14754.0,18454.0,,,,,471694.0,23553.0,495247.0,,0.04755808717670173,0.00784406840027645,0.6264170169405171,0.03726221461210265,0.0,0.0,0.0,,,
110,2020-12-31,UniCredit,ITA,EUR,,,,,4152.0,12635.0,16787.0,,,,,444390.0,21132.0,465522.0,,0.04539420263703971,0.009343144535205563,0.5979083853870907,0.03606059434355412,0.0,0.0,0.0,,,
111,2017-12-31,Intesa Sanpaolo,ITA,EUR,,,,,2417.0,29483.0,31900.0,,,,,373254.0,39378.0,412632.0,,0.0954312801721631,0.006475483183033538,0.7487175580273249,0.07730859458306676,0.0,0.0,0.0,,,
112,2018-06-30,Intesa Sanpaolo,ITA,EUR,,,,,2160.0,21068.0,23228.0,,,,,377780.0,22456.0,400236.0,,0.05610689693081082,0.005717613425803378,0.9381902386889918,0.05803575890224767,0.0,0.0,0.0,,,
113,2018-12-31,Intesa Sanpaolo,ITA,EUR,,,,,2105.0,19865.0,21970.0,,,,,373435.0,36396.0,409831.0,,0.08880733765869346,0.00563685781996867,0.5458017364545554,0.05360746258823759,0.0,0.0,0.0,,,
114,2019-06-30,Intesa Sanpaolo,ITA,EUR,,,,,1991.0,18800.0,20791.0,,,,,373898.0,34724.0,408622.0,,0.0849782928966135,0.005324981679495478,0.5414122796912798,0.050880765108095014,0.0,0.0,0.0,,,
115,2019-12-31,Intesa Sanpaolo,ITA,EUR,,,,,1697.0,17062.0,18759.0,,,,,376119.0,31257.0,407376.0,,0.07672764227642276,0.004511869913511415,0.545861726973158,0.04604836809237658,0.0,0.0,0.0,,,
116,2020-06-30,Intesa Sanpaolo,ITA,EUR,,,,,2191.0,15827.0,18018.0,,,,,384513.0,29809.0,414322.0,,0.07194645710341233,0.005698116838702463,0.5309470294206448,0.04348791519639315,0.0,0.0,0.0,,,
117,2020-12-31,Intesa Sanpaolo,ITA,EUR,793.0,2014.0,,,2807.0,10132.0,12939.0,374305.0,71037.0,,,445342.0,20818.0,466160.0,,0.044658486356615755,0.0063030210489915615,0.4866942069363051,0.027756564269778617,0.8029539214003776,0.1523875922430067,0.0,,,
118,2017-12-31,Banca BPM,ITA,EUR,,,,,303.0,12408.0,12711.0,,,,,95018.0,25435.0,120453.0,,0.21116119980407297,0.003188869477362184,0.4878317279339493,0.10552663694553062,0.0,0.0,0.0,,,
119,2018-06-30,Banca BPM,ITA,EUR,,,,,397.0,9945.0,10342.0,,,,,97635.0,19438.0,117073.0,,0.1660331587983566,0.004066164797459928,0.5116267105669308,0.088338045492983,0.0,0.0,0.0,,,
120,2018-12-31,Banca BPM,ITA,EUR,,,,,371.0,5087.0,5458.0,,,,,97659.0,11814.0,109473.0,,0.10791702063522512,0.0037989330220460993,0.43059082444557306,0.04985704237574562,0.0,0.0,0.0,,,
121,2019-06-30,Banca BPM,ITA,EUR,,,,,364.0,4473.0,4837.0,,,,,99237.0,10663.0,109900.0,,0.097024567788899,0.0036679867388171752,0.4194879489824627,0.04401273885350319,0.0,0.0,0.0,,,
122,2019-12-31,Banca BPM,ITA,EUR,,,,,330.0,4542.0,4872.0,,,,,100631.0,10087.0,110718.0,,0.09110533065987464,0.0032793075692381076,0.4502825418855953,0.044003685037663255,0.0,0.0,0.0,,,
123,2020-06-30,Banca BPM,ITA,EUR,,,,,442.0,4439.0,4881.0,,,,,103431.0,9839.0,113270.0,,0.08686324710867838,0.004273380321180304,0.45116373615204797,0.04309172773020217,0.0,0.0,0.0,,,
124,2020-12-31,Banca BPM,ITA,EUR,,,,,466.176,4293.451,4759.627,,,,,105508.487,8586.125,114094.612,,0.07525443006896768,0.004418374419491012,0.5000452474195286,0.04171649227397347,0.0,0.0,0.0,,,
125,2017-12-31,BPER,ITA,EUR,,,,,226.0,5129.0,5355.0,,,,,42433.0,10531.0,52964.0,,0.1988331697001737,0.0053260434096104444,0.487038267970753,0.10110641190242428,0.0,0.0,0.0,,,
126,2018-03-31,BPER,ITA,EUR,,,,,186.0,5661.0,5847.0,,,,,41383.0,9868.0,51251.0,,0.1925425845349359,0.004494599231568519,0.5736724766923389,0.11408557881797428,0.0,0.0,0.0,,,
127,2018-06-30,BPER,ITA,EUR,,,,,169.0,5040.0,5209.0,,,,,42146.0,8866.0,51012.0,,0.17380224260958205,0.004009870450339297,0.5684637942702458,0.10211322826001724,0.0,0.0,0.0,,,
128,2018-09-30,BPER,ITA,EUR,,,,,161.0,4983.0,5144.0,,,,,42004.0,8788.0,50792.0,,0.1730193731296267,0.003832968288734406,0.5670232134729176,0.10127579146322256,0.0,0.0,0.0,,,
129,2018-12-31,BPER,ITA,EUR,,,,,165.0,3841.0,4006.0,,,,,44011.0,7046.0,51057.0,,0.1380026245176959,0.003749062734316421,0.5451319897814363,0.07846132753589126,0.0,0.0,0.0,,,
130,2019-03-31,BPER,ITA,EUR,,,,,160.0,3790.0,3950.0,,,,,43514.0,6947.0,50461.0,,0.1376706763639246,0.0036769775244748816,0.5455592342018137,0.07827827431085392,0.0,0.0,0.0,,,
131,2019-06-30,BPER,ITA,EUR,,,,,146.0,3799.0,3945.0,,,,,43550.0,6937.0,50487.0,,0.13740170737021412,0.0033524684270952927,0.5476430733746577,0.07813892685245707,0.0,0.0,0.0,,,
132,2019-09-30,BPER,ITA,EUR,,,,,206.0,3328.0,3534.0,,,,,49515.0,6515.0,56030.0,,0.11627699446724969,0.0041603554478440875,0.5108211818879509,0.06307335356059254,0.0,0.0,0.0,,,
133,2019-12-31,BPER,ITA,EUR,,,,,162.0,3124.0,3286.0,,,,,49169.0,6113.0,55282.0,,0.11057848847726204,0.003294758892798308,0.5110420415507934,0.059440685937556526,0.0,0.0,0.0,,,
134,2020-03-31,BPER,ITA,EUR,,,,,143.0,3142.0,3285.0,,,,,48263.0,6056.0,54319.0,,0.11148953404885951,0.002962932266953981,0.5188243064729194,0.06047607651098143,0.0,0.0,0.0,,,
135,2020-06-30,BPER,ITA,EUR,,,,,161.0,2374.0,2535.0,,,,,50082.0,5337.0,55419.0,,0.09630271206625886,0.0032147278463320154,0.4448191868090688,0.04574243490499648,0.0,0.0,0.0,,,
136,2020-09-30,BPER,ITA,EUR,,,,,165.0,2413.0,2578.0,,,,,50571.0,4896.0,55467.0,,0.08826870030829141,0.0032627395147416505,0.4928513071895425,0.0464780860691943,0.0,0.0,0.0,,,
137,2020-12-31,BPER,ITA,EUR,,,,,172.311,2212.728,2385.039,,,,,51047.978,4342.94,55390.918000000005,,0.07840527214226706,0.0033754716004618245,0.5095000161181136,0.04305830425124928,0.0,0.0,0.0,,,
138,2017-12-31,ING,NL,EUR,-352.0,952.0,3915.0,0.0,,,4515.0,,,,,,,579050.0,,,,,0.0077972541231327176,0.0,0.0,0.0,,,
139,2018-06-30,ING,NL,EUR,432.0,928.0,3615.0,2.0,1360.0,3617.0,4977.0,,,,,582146.0,10246.0,592392.0,,0.017295979689124767,0.002336183706492873,0.35301581104821395,0.008401531418385124,0.0,0.0,0.0,,,
140,2018-12-31,ING,NL,EUR,425.0,925.0,3139.0,2.0,1350.0,3141.0,4491.0,,,,,587079.0,9608.0,596687.0,,0.016102244560380903,0.0022995201667918626,0.3269150707743547,0.007526559150777544,0.0,0.0,0.0,,,
141,2019-06-30,ING,NL,EUR,440.0,864.0,3175.0,2.0,1304.0,3177.0,4481.0,,,,,605514.0,9731.0,615245.0,,0.01581646336012483,0.0021535422797821354,0.3264823759120337,0.007283277393558663,0.0,0.0,0.0,,,
142,2019-12-31,ING,NL,EUR,434.0,881.0,3275.0,0.0,1315.0,3275.0,4590.0,,,,,606370.0,9985.0,616355.0,,0.016200079499639006,0.00216864290779557,0.32799198798197293,0.007447007000835558,0.0,0.0,0.0,,,
143,2020-06-30,ING,NL,EUR,633.0,1412.0,3979.0,5.0,2045.0,3984.0,6029.0,,,,,610147.0,12591.0,622738.0,,0.020218775793351296,0.0033516513233696143,0.3164164879675959,0.009681439064261374,0.0,0.0,0.0,,,
144,2020-12-31,ING,NL,EUR,506.0,1476.0,3797.0,0.0,1982.0,3797.0,5779.0,,,,,591391.0,12565.0,603956.0,,0.020804495691739134,0.003351420633726249,0.30218861918026263,0.009568577843419057,0.0,0.0,0.0,,,
145,2017-12-31,ABN Amro,NL,EUR,206.0,212.0,2183.0,0.0,418.0,2183.0,2601.0,,,,,,,,,,,,,,,,,,
146,2018-03-31,ABN Amro,NL,EUR,192.0,234.0,2272.0,0.0,426.0,2272.0,2698.0,250188.0,16408.0,6839.0,0.0,266596.0,6839.0,273435.0,,0.025011428675919323,0.0015979234497141743,0.3322123117414827,0.009867061641706438,0.9149816226891218,0.06000694863495895,0.025011428675919323,,,
147,2018-06-30,ABN Amro,NL,EUR,217.0,191.0,2359.0,0.0,408.0,2359.0,2767.0,254100.0,14162.0,6930.0,0.0,268262.0,6930.0,275192.0,,0.025182418093549232,0.001520901208520029,0.34040404040404043,0.010054798104596065,0.9233553300968051,0.05146225180964563,0.025182418093549232,,,
148,2018-09-30,ABN Amro,NL,EUR,216.0,200.0,1854.0,0.0,416.0,1854.0,2270.0,255207.0,13487.0,6059.0,0.0,268694.0,6059.0,274753.0,,0.022052534458222476,0.0015482295845832062,0.30599108763822414,0.008261966202370857,0.9288597394750921,0.04908772606668535,0.022052534458222476,,,
149,2018-12-31,ABN Amro,NL,EUR,206.0,191.0,1862.0,0.0,397.0,1862.0,2259.0,250209.0,13078.0,5887.0,0.0,263287.0,5887.0,269174.0,,0.02187061157466917,0.0015078602437644092,0.3162901307966706,0.008392341013619443,0.9295437152176659,0.04858567320766493,0.02187061157466917,,,
150,2019-03-31,ABN Amro,NL,EUR,183.0,197.0,1737.0,0.0,380.0,1737.0,2117.0,256005.0,12254.0,6060.0,0.0,268259.0,6060.0,274319.0,,0.02209106915671171,0.001416541476707212,0.2866336633663366,0.007717292641049289,0.9332383101425712,0.04467062070071705,0.02209106915671171,,,
151,2019-06-30,ABN Amro,NL,EUR,175.0,179.0,1814.0,0.0,354.0,1814.0,2168.0,253947.0,12566.0,6388.0,0.0,266513.0,6388.0,272901.0,,0.023407755926141714,0.0013282654129442091,0.28396994364433314,0.007944272831539643,0.9305462420438181,0.046046002030040195,0.023407755926141714,,,
152,2019-09-30,ABN Amro,NL,EUR,160.0,170.0,1849.0,0.0,330.0,1849.0,2179.0,253798.0,12418.0,6662.0,0.0,266216.0,6662.0,272878.0,,0.02441384061741877,0.0012395949154070378,0.2775442809966977,0.007985253483241595,0.9300786432031897,0.04550751617939152,0.02441384061741877,,,
153,2019-12-31,ABN Amro,NL,EUR,174.0,258.0,1994.0,0.0,432.0,1994.0,2426.0,242113.0,17066.0,6741.0,0.0,259179.0,6741.0,265920.0,,0.025349729241877256,0.0016668017084717512,0.2958018098205014,0.009123044524669074,0.9104730746089049,0.06417719614921781,0.025349729241877256,,,
154,2020-03-31,ABN Amro,NL,EUR,175.0,429.0,2362.0,0.0,604.0,2362.0,2966.0,233554.0,35149.0,7759.0,0.0,268703.0,7759.0,276462.0,,0.02806533990204802,0.0022478349702087434,0.30442067276710916,0.010728418372145178,0.8447960298341183,0.12713863026383374,0.02806533990204802,,,
155,2020-06-30,ABN Amro,NL,EUR,246.0,426.0,2896.0,0.0,672.0,2896.0,3568.0,220682.0,35974.0,8437.0,0.0,256656.0,8437.0,265093.0,,0.031826566525709844,0.002618290630259959,0.34324997036861443,0.013459427446216988,0.8324701142617874,0.13570331921250278,0.031826566525709844,,,
156,2020-09-30,ABN Amro,NL,EUR,312.0,405.0,2786.0,0.0,717.0,2786.0,3503.0,223070.0,28430.0,8461.0,0.0,251500.0,8461.0,259961.0,,0.03254718977077331,0.0028508946322067593,0.32927549934995864,0.013475098187805094,0.8580902519993384,0.10936255822988833,0.03254718977077331,,,
157,2020-12-31,ABN Amro,NL,EUR,296.0,400.0,2771.0,0.0,696.0,2771.0,3467.0,217305.0,25602.0,8474.0,0.0,242907.0,8474.0,251381.0,,0.0337097871358615,0.0028652941249120035,0.3270002360160491,0.013791814019357071,0.8644448068867575,0.10184540597738095,0.0337097871358615,,,
158,2017-12-31,RaboBank,NL,EUR,320.0,287.0,3754.0,0.0,607.0,3754.0,4361.0,396816.0,14842.0,15773.0,0.0,411658.0,15773.0,427431.0,,0.036901862522839946,0.0014745249697564484,0.23800164838648324,0.010202816361003297,0.9283744042898152,0.034723733187344855,0.036901862522839946,,,
159,2018-12-31,RaboBank,NL,EUR,270.0,239.0,3226.0,0.0,509.0,3226.0,3735.0,402603.0,15946.0,15993.0,0.0,418549.0,15993.0,434542.0,,0.03680426748162433,0.00121610611899682,0.20171324954667666,0.008595256615010746,0.9264996248924154,0.036696107625960206,0.03680426748162433,,,
160,2019-12-31,RaboBank,NL,EUR,369.0,346.0,3225.0,0.0,715.0,3225.0,3940.0,401895.0,20418.0,15090.0,0.0,422313.0,15090.0,437403.0,,0.03449907750975645,0.001693057045366825,0.21371769383697814,0.009007711424018582,0.9188208585674995,0.046680063922744014,0.03449907750975645,,,
161,2020-06-30,RaboBank,NL,EUR,694.0,836.0,3349.0,0.0,1530.0,3349.0,4879.0,384145.0,42802.0,14409.0,0.0,426947.0,14409.0,441356.0,,0.032647114800750415,0.0035835829739991145,0.23242417933236173,0.011054568194382766,0.8703744822773453,0.09697840292190431,0.032647114800750415,,,
162,2020-12-31,RaboBank,NL,EUR,720.0,846.0,3134.0,0.0,1566.0,3134.0,4700.0,385745.0,34211.0,13507.0,0.0,419956.0,13507.0,433463.0,,0.031160675767020484,0.003728962081741897,0.2320278374176353,0.010842909314059101,0.8899144794365378,0.07892484479644168,0.031160675767020484,,,
163,2017-12-31,KfW,DEU,EUR,219.0,200.0,962.0,0.0,419.0,962.0,1381.0,97070.0,4008.0,17070.0,0.0,101078.0,17070.0,118148.0,,0.1444798049903511,0.004145313520251687,0.05635618043350908,0.01168872939025629,0.8215966415004909,0.033923553509158,0.1444798049903511,,,
164,2018-12-31,KfW,DEU,EUR,199.0,176.0,975.0,0.0,375.0,975.0,1350.0,95650.0,4445.0,17159.0,0.0,100095.0,17159.0,117254.0,,0.14634042335442715,0.0037464408811628954,0.056821493094003146,0.011513466491548262,0.815750422160438,0.037909154485134836,0.14634042335442715,,,
165,2019-12-31,KfW,DEU,EUR,184.0,186.0,1058.0,0.0,370.0,1058.0,1428.0,97755.0,4708.0,17335.0,0.0,102463.0,17335.0,119798.0,,0.14470191489006495,0.003611059602002674,0.06103259301990193,0.011920065443496553,0.8159985976393596,0.03929948747057547,0.14470191489006495,,,
166,2020-12-31,KfW,DEU,EUR,243.0,326.0,1255.0,0.0,569.0,1255.0,1824.0,100069.0,12474.0,18656.0,0.0,112543.0,18656.0,131199.0,,0.14219620576376343,0.005055845321343842,0.06727058319039451,0.013902544988909976,0.7627268500522107,0.09507694418402579,0.14219620576376343,,,
167,2017-12-31,DeVolksbank,NL,EUR,4.0,33.0,121.0,0.0,37.0,121.0,158.0,45410.0,2880.0,862.0,0.0,48290.0,862.0,49152.0,,0.017537434895833332,0.0007662041830606751,0.14037122969837587,0.0032145182291666665,0.9238688151041666,0.05859375,0.017537434895833332,,,
168,2018-06-30,DeVolksbank,NL,EUR,4.0,21.0,106.0,0.0,25.0,106.0,131.0,46865.0,2348.0,759.0,0.0,49213.0,759.0,49972.0,,0.015188505563115344,0.0005079958547538252,0.13965744400527008,0.002621468022092372,0.9378251821019771,0.04698631233490755,0.015188505563115344,,,
169,2018-12-31,DeVolksbank,NL,EUR,4.0,21.0,101.0,0.0,25.0,101.0,126.0,47149.0,2360.0,657.0,0.0,49509.0,657.0,50166.0,,0.013096519555077143,0.0005049586943787998,0.1537290715372907,0.002511661284535343,0.9398596659091815,0.047043814535741336,0.013096519555077143,,,
170,2019-06-30,DeVolksbank,NL,EUR,4.0,17.0,87.0,0.0,21.0,87.0,108.0,47926.0,1844.0,595.0,0.0,49770.0,595.0,50365.0,,0.0118137595552467,0.0004219409282700422,0.146218487394958,0.002144346272212846,0.9515735133525266,0.036612727092226745,0.0118137595552467,,,
171,2019-12-31,DeVolksbank,NL,EUR,7.0,29.0,83.0,0.0,36.0,83.0,119.0,46075.0,2662.0,645.0,0.0,48737.0,645.0,49382.0,,0.013061439390871168,0.0007386585140652893,0.12868217054263567,0.002409784941881657,0.9330322789680451,0.0539062816410838,0.013061439390871168,,,
172,2020-06-30,DeVolksbank,NL,EUR,26.0,46.0,92.0,0.0,72.0,92.0,164.0,45538.0,3209.0,688.0,0.0,48747.0,688.0,49435.0,,0.013917265095580054,0.001477013970090467,0.13372093023255813,0.00331748760999292,0.9211692120966927,0.06491352280772732,0.013917265095580054,,,
173,2020-12-31,DeVolksbank,NL,EUR,30.0,59.0,77.0,0.0,89.0,77.0,166.0,45666.0,2792.0,678.0,0.0,48458.0,678.0,49136.0,,0.013798436991208075,0.0018366420405299434,0.11356932153392331,0.0033783783783783786,0.929379680885705,0.05682188212308694,0.013798436991208075,,,
174,2018-03-31,Danske,DNK,EUR,0.0,0.0,0.0,0.0,0.0,0.0,0.0,0.0,0.0,0.0,0.0,0.0,0.0,0.0,,,,,,,,,,0.134424,DKK
175,2018-06-30,Danske,DNK,EUR,0.0,0.0,0.0,0.0,0.0,0.0,0.0,0.0,0.0,0.0,0.0,0.0,0.0,0.0,,,,,,,,,,0.134424,DKK
176,2018-09-30,Danske,DNK,EUR,0.0,0.0,0.0,0.0,0.0,0.0,0.0,0.0,0.0,0.0,0.0,0.0,0.0,0.0,,,,,,,,,,0.134424,DKK
177,2018-12-31,Danske,DNK,EUR,0.0,0.0,0.0,0.0,0.0,0.0,0.0,0.0,0.0,0.0,0.0,0.0,0.0,0.0,,,,,,,,,,0.134424,DKK
178,2019-03-31,Danske,DNK,EUR,0.0,0.0,0.0,0.0,0.0,0.0,0.0,0.0,0.0,0.0,0.0,0.0,0.0,0.0,,,,,,,,,,0.134424,DKK
179,2019-06-30,Danske,DNK,EUR,0.0,0.0,0.0,0.0,0.0,0.0,0.0,0.0,0.0,0.0,0.0,0.0,0.0,0.0,,,,,,,,,,0.134424,DKK
180,2019-09-30,Danske,DNK,EUR,0.0,0.0,0.0,0.0,0.0,0.0,0.0,0.0,0.0,0.0,0.0,0.0,0.0,0.0,,,,,,,,,,0.134424,DKK
181,2019-12-31,Danske,DNK,EUR,0.0,0.0,0.0,0.0,0.0,0.0,0.0,0.0,0.0,0.0,0.0,0.0,0.0,0.0,,,,,,,,,,0.134424,DKK
182,2020-03-31,Danske,DNK,EUR,0.0,0.0,0.0,0.0,0.0,0.0,0.0,0.0,0.0,0.0,0.0,0.0,0.0,0.0,,,,,,,,,,0.134424,DKK
183,2020-06-30,Danske,DNK,EUR,0.0,0.0,0.0,0.0,0.0,0.0,0.0,0.0,0.0,0.0,0.0,0.0,0.0,0.0,,,,,,,,,,0.134424,DKK
184,2020-09-30,Danske,DNK,EUR,0.0,0.0,0.0,0.0,0.0,0.0,0.0,0.0,0.0,0.0,0.0,0.0,0.0,0.0,,,,,,,,,,0.134424,DKK
185,2020-12-31,Danske,DNK,EUR,0.0,0.0,0.0,0.0,0.0,0.0,0.0,0.0,0.0,0.0,0.0,0.0,0.0,0.0,,,,,,,,,,0.134424,DKK
186,2017-12-31,DNB,NOR,EUR,0.0,0.0,0.0,0.0,0.0,0.0,0.0,0.0,0.0,0.0,0.0,0.0,0.0,0.0,,,,,,,,,,0.095064,NOK
187,2018-03-31,DNB,NOR,EUR,0.0,0.0,0.0,0.0,0.0,0.0,0.0,0.0,0.0,0.0,0.0,0.0,0.0,0.0,,,,,,,,,,0.095064,NOK
188,2018-06-30,DNB,NOR,EUR,0.0,0.0,0.0,0.0,0.0,0.0,0.0,0.0,0.0,0.0,0.0,0.0,0.0,0.0,,,,,,,,,,0.095064,NOK
189,2018-09-30,DNB,NOR,EUR,0.0,0.0,0.0,0.0,0.0,0.0,0.0,0.0,0.0,0.0,0.0,0.0,0.0,0.0,,,,,,,,,,0.095064,NOK
190,2018-12-31,DNB,NOR,EUR,0.0,0.0,0.0,0.0,0.0,0.0,0.0,0.0,0.0,0.0,0.0,0.0,0.0,0.0,,,,,,,,,,0.095064,NOK
191,2019-03-31,DNB,NOR,EUR,0.0,0.0,0.0,0.0,0.0,0.0,0.0,0.0,0.0,0.0,0.0,0.0,0.0,0.0,,,,,,,,,,0.095064,NOK
192,2019-06-30,DNB,NOR,EUR,0.0,0.0,0.0,0.0,0.0,0.0,0.0,0.0,0.0,0.0,0.0,0.0,0.0,0.0,,,,,,,,,,0.095064,NOK
193,2019-09-30,DNB,NOR,EUR,0.0,0.0,0.0,0.0,0.0,0.0,0.0,0.0,0.0,0.0,0.0,0.0,0.0,0.0,,,,,,,,,,0.095064,NOK
194,2019-12-31,DNB,NOR,EUR,0.0,0.0,0.0,0.0,0.0,0.0,0.0,0.0,0.0,0.0,0.0,0.0,0.0,0.0,,,,,,,,,,0.095064,NOK
195,2020-03-31,DNB,NOR,EUR,0.0,0.0,0.0,0.0,0.0,0.0,0.0,0.0,0.0,0.0,0.0,0.0,0.0,0.0,,,,,,,,,,0.095064,NOK
196,2020-06-30,DNB,NOR,EUR,0.0,0.0,0.0,0.0,0.0,0.0,0.0,0.0,0.0,0.0,0.0,0.0,0.0,0.0,,,,,,,,,,0.095064,NOK
197,2020-09-30,DNB,NOR,EUR,0.0,0.0,0.0,0.0,0.0,0.0,0.0,0.0,0.0,0.0,0.0,0.0,0.0,0.0,,,,,,,,,,0.095064,NOK
198,2020-12-31,DNB,NOR,EUR,0.0,0.0,0.0,0.0,0.0,0.0,0.0,0.0,0.0,0.0,0.0,0.0,0.0,0.0,,,,,,,,,,0.095064,NOK
199,2017-12-31,Nordea,FIN,EUR,133.0,360.0,1816.0,0.0,493.0,1816.0,2309.0,218421.0,14040.0,5369.0,0.0,232461.0,5369.0,237830.0,,0.02257494849262078,0.002120785852250485,0.3382380331532874,0.009708615397552875,0.9183912878947147,0.059033763612664505,0.02257494849262078,,,
200,2018-03-31,Nordea,FIN,EUR,123.0,280.0,1877.0,0.0,403.0,1877.0,2280.0,222687.0,14887.0,5212.0,0.0,237574.0,5212.0,242786.0,,0.02146746517509247,0.0016963135696667143,0.3601304681504221,0.00939098630069279,0.9172151606764806,0.06131737414842701,0.02146746517509247,,,
201,2018-06-30,Nordea,FIN,EUR,134.0,313.0,1801.0,0.0,447.0,1801.0,2248.0,232451.0,13268.0,5127.0,0.0,245719.0,5127.0,250846.0,,0.020438834982419492,0.0018191511441931637,0.35127755022430274,0.008961673696212018,0.9266681549636032,0.05289301005397734,0.020438834982419492,,,
202,2018-09-30,Nordea,FIN,EUR,160.0,318.0,1631.0,0.0,478.0,1631.0,2109.0,232963.0,14342.0,4748.0,0.0,247305.0,4748.0,252053.0,,0.018837308026486494,0.0019328359717757425,0.3435130581297388,0.00836728783232098,0.9242619607780903,0.05690073119542319,0.018837308026486494,,,
203,2018-12-31,Nordea,FIN,EUR,146.0,295.0,1599.0,0.0,441.0,1599.0,2040.0,217160.0,14691.0,4646.0,0.0,231851.0,4646.0,236497.0,,0.019645069493481947,0.001902083665802606,0.344167025398192,0.008625902231317945,0.9182357492906886,0.06211918121582938,0.019645069493481947,,,
204,2019-03-31,Nordea,FIN,EUR,148.0,307.0,1600.0,0.0,455.0,1600.0,2055.0,236500.0,13922.0,4555.0,0.0,250422.0,4555.0,254977.0,,0.01786435639292956,0.0018169330170671905,0.3512623490669594,0.008059550469258011,0.9275346403793283,0.05460100322774211,0.01786435639292956,,,
205,2019-06-30,Nordea,FIN,EUR,136.0,312.0,1526.0,0.0,448.0,1526.0,1974.0,234640.0,14231.0,4493.0,0.0,248871.0,4493.0,253364.0,,0.017733379643516838,0.0018001293842994964,0.3396394391275317,0.007791162122479911,0.926098419664988,0.05616820069149524,0.017733379643516838,,,
206,2019-09-30,Nordea,FIN,EUR,160.0,336.0,1702.0,0.0,496.0,1702.0,2198.0,242819.0,10989.0,4678.0,0.0,253808.0,4678.0,258486.0,,0.01809769194463143,0.0019542331210994136,0.3638306968790081,0.008503361884202625,0.9393893673158314,0.04251294073953715,0.01809769194463143,,,
207,2019-12-31,Nordea,FIN,EUR,139.0,344.0,1686.0,0.0,483.0,1686.0,2169.0,225927.0,10748.0,4610.0,0.0,236675.0,4610.0,241285.0,,0.019106036429947987,0.0020407732122108375,0.3657266811279826,0.008989369417908283,0.9363491306960648,0.044544832873987195,0.019106036429947987,,,
208,2020-03-31,Nordea,FIN,EUR,160.0,323.0,1746.0,0.0,483.0,1746.0,2229.0,217685.0,8863.0,4516.0,0.0,226548.0,4516.0,231064.0,,0.01954436865976526,0.002131998516870597,0.38662533215234723,0.009646677976664474,0.9420982931135963,0.038357338226638504,0.01954436865976526,,,
209,2020-06-30,Nordea,FIN,EUR,310.0,468.0,1907.0,0.0,778.0,1907.0,2685.0,229282.0,12512.0,4421.0,0.0,241794.0,4421.0,246215.0,,0.017955851593119833,0.003217614994582165,0.4313503732187288,0.010905103263407998,0.9312267733484962,0.050817375058383935,0.017955851593119833,,,
210,2020-09-30,Nordea,FIN,EUR,244.0,463.0,1816.0,0.0,707.0,1816.0,2523.0,226607.0,13576.0,4219.0,0.0,240183.0,4219.0,244402.0,,0.017262542859714732,0.0029435888468376196,0.4304337520739512,0.010323156111652115,0.9271896301994256,0.05554782694085973,0.017262542859714732,,,
211,2020-12-31,Nordea,FIN,EUR,280.0,490.0,1674.0,0.0,770.0,1674.0,2444.0,241618.0,13840.0,3979.0,0.0,255458.0,3979.0,259437.0,,0.015337056780644242,0.0030141941141009483,0.4207087207841166,0.009420398786603298,0.931316658764941,0.05334628445441475,0.015337056780644242,,,
212,2017-12-31,OP,FIN,EUR,31.0,80.0,431.0,0.0,111.0,431.0,542.0,75823.0,7443.0,1279.0,0.0,83266.0,1279.0,84545.0,,0.015128038322786681,0.001333077126318065,0.33698201720093823,0.00641078715476965,0.8968360044946478,0.0880359571825655,0.015128038322786681,,,
213,2018-03-31,OP,FIN,EUR,26.0,96.0,398.0,0.0,122.0,398.0,520.0,78030.0,7786.0,1315.0,0.0,85816.0,1315.0,87131.0,,0.015092217465655164,0.001421646313041857,0.3026615969581749,0.0059680251575214335,0.8955480827719181,0.08935969976242669,0.015092217465655164,,,
214,2018-06-30,OP,FIN,EUR,26.0,105.0,391.0,0.0,131.0,391.0,522.0,77350.0,10105.0,1241.0,0.0,87455.0,1241.0,88696.0,,0.013991611797600794,0.0014979132125092906,0.3150684931506849,0.005885271038152792,0.8720799134121042,0.11392847479029494,0.013991611797600794,,,
215,2018-09-30,OP,FIN,EUR,33.0,91.0,407.0,0.0,124.0,407.0,531.0,78986.0,9040.0,1255.0,0.0,88026.0,1255.0,89281.0,,0.014056742195987949,0.0014086747097448481,0.3243027888446215,0.005947514028740717,0.8846899116273339,0.10125334617667812,0.014056742195987949,,,
216,2018-12-31,OP,FIN,EUR,37.0,81.0,409.0,0.0,118.0,409.0,527.0,80694.0,8524.0,1231.0,0.0,89218.0,1231.0,90449.0,,0.013609879600658934,0.001322603062162344,0.3322502030869212,0.005826487855034329,0.8921491669338523,0.09424095346548884,0.013609879600658934,,,
217,2019-03-31,OP,FIN,EUR,34.0,78.0,408.0,0.0,112.0,408.0,520.0,81047.0,9437.0,1234.0,0.0,90484.0,1234.0,91718.0,,0.013454283782899758,0.0012377878962026435,0.33063209076175043,0.005669552323426154,0.8836542445321529,0.10289147168494733,0.013454283782899758,,,
218,2019-06-30,OP,FIN,EUR,40.0,87.0,538.0,0.0,127.0,538.0,665.0,82966.0,9271.0,1298.0,0.0,92237.0,1298.0,93535.0,,0.01387715828299567,0.001376887799906762,0.41448382126348227,0.0071096381033837605,0.8870048644892287,0.0991179772277757,0.01387715828299567,,,
219,2019-09-30,OP,FIN,EUR,38.0,79.0,401.0,0.0,117.0,401.0,518.0,85078.0,8732.0,1290.0,0.0,93810.0,1290.0,95100.0,,0.013564668769716088,0.0012472017908538536,0.31085271317829455,0.005446898002103049,0.8946161934805468,0.09181913774973711,0.013564668769716088,,,
220,2019-12-31,OP,FIN,EUR,40.0,78.0,436.0,0.0,118.0,436.0,554.0,85707.0,8645.0,1292.0,0.0,94352.0,1292.0,95644.0,,0.013508427083768976,0.0012506359165677463,0.33746130030959753,0.005792313161306512,0.8961043034586592,0.09038726945757183,0.013508427083768976,,,
221,2020-03-31,OP,FIN,EUR,51.0,68.0,526.0,0.0,119.0,526.0,645.0,86341.0,8059.0,1821.0,0.0,94400.0,1821.0,96221.0,,0.01892518265243554,0.0012605932203389831,0.28885227896760024,0.0067033184024277446,0.8973197119131998,0.08375510543436464,0.01892518265243554,,,
222,2020-06-30,OP,FIN,EUR,56.0,100.0,533.0,0.0,156.0,533.0,689.0,87472.0,9463.0,2012.0,0.0,96935.0,2012.0,98947.0,,0.02033411826533397,0.0016093258369010161,0.2649105367793241,0.006963323799609892,0.8840288235115769,0.09563705822308913,0.02033411826533397,,,
223,2020-09-30,OP,FIN,EUR,49.0,100.0,495.0,0.0,149.0,495.0,644.0,88167.0,9062.0,2036.0,0.0,97229.0,2036.0,99265.0,,0.020510754042210245,0.0015324645938968827,0.2431237721021611,0.006487684480934871,0.8881982571903491,0.09129098876744068,0.020510754042210245,,,
224,2020-12-31,OP,FIN,EUR,53.0,92.0,518.0,0.0,145.0,518.0,663.0,85013.0,8053.0,2365.0,0.0,93066.0,2365.0,95431.0,,0.024782303444373422,0.001558034083338706,0.21902748414376322,0.006947427984617158,0.8908321195418679,0.08438557701375864,0.024782303444373422,,,
225,2017-12-31,SEB,SWE,EUR,0.0,0.0,0.0,0.0,0.0,0.0,0.0,0.0,0.0,0.0,0.0,0.0,0.0,0.0,,,,,,,,,,0.099458,SEK
226,2018-03-31,SEB,SWE,EUR,0.0,0.0,0.0,0.0,0.0,0.0,0.0,0.0,0.0,0.0,0.0,0.0,0.0,0.0,,,,,,,,,,0.099458,SEK
227,2018-06-30,SEB,SWE,EUR,0.0,0.0,0.0,0.0,0.0,0.0,0.0,0.0,0.0,0.0,0.0,0.0,0.0,0.0,,,,,,,,,,0.099458,SEK
228,2018-09-30,SEB,SWE,EUR,0.0,0.0,0.0,0.0,0.0,0.0,0.0,0.0,0.0,0.0,0.0,0.0,0.0,0.0,,,,,,,,,,0.099458,SEK
229,2018-12-31,SEB,SWE,EUR,0.0,0.0,0.0,0.0,0.0,0.0,0.0,0.0,0.0,0.0,0.0,0.0,0.0,0.0,,,,,,,,,,0.099458,SEK
230,2019-03-31,SEB,SWE,EUR,0.0,0.0,0.0,0.0,0.0,0.0,0.0,0.0,0.0,0.0,0.0,0.0,0.0,0.0,,,,,,,,,,0.099458,SEK
231,2019-06-30,SEB,SWE,EUR,0.0,0.0,0.0,0.0,0.0,0.0,0.0,0.0,0.0,0.0,0.0,0.0,0.0,0.0,,,,,,,,,,0.099458,SEK
232,2019-09-30,SEB,SWE,EUR,0.0,0.0,0.0,0.0,0.0,0.0,0.0,0.0,0.0,0.0,0.0,0.0,0.0,0.0,,,,,,,,,,0.099458,SEK
233,2019-12-31,SEB,SWE,EUR,0.0,0.0,0.0,0.0,0.0,0.0,0.0,0.0,0.0,0.0,0.0,0.0,0.0,0.0,,,,,,,,,,0.099458,SEK
234,2020-03-31,SEB,SWE,EUR,0.0,0.0,0.0,0.0,0.0,0.0,0.0,0.0,0.0,0.0,0.0,0.0,0.0,0.0,,,,,,,,,,0.099458,SEK
235,2020-06-30,SEB,SWE,EUR,0.0,0.0,0.0,0.0,0.0,0.0,0.0,0.0,0.0,0.0,0.0,0.0,0.0,0.0,,,,,,,,,,0.099458,SEK
236,2020-09-30,SEB,SWE,EUR,0.0,0.0,0.0,0.0,0.0,0.0,0.0,0.0,0.0,0.0,0.0,0.0,0.0,0.0,,,,,,,,,,0.099458,SEK
237,2020-12-31,SEB,SWE,EUR,0.0,0.0,0.0,0.0,0.0,0.0,0.0,0.0,0.0,0.0,0.0,0.0,0.0,0.0,,,,,,,,,,0.099458,SEK
238,2018-03-31,SHB,SWE,EUR,0.0,0.0,0.0,0.0,0.0,0.0,0.0,0.0,0.0,0.0,0.0,0.0,0.0,0.0,,,,,,,,,,0.099458,SEK
239,2018-06-30,SHB,SWE,EUR,0.0,0.0,0.0,0.0,0.0,0.0,0.0,0.0,0.0,0.0,0.0,0.0,0.0,0.0,,,,,,,,,,0.099458,SEK
240,2018-09-30,SHB,SWE,EUR,0.0,0.0,0.0,0.0,0.0,0.0,0.0,0.0,0.0,0.0,0.0,0.0,0.0,0.0,,,,,,,,,,0.099458,SEK
241,2018-12-31,SHB,SWE,EUR,0.0,0.0,0.0,0.0,0.0,0.0,0.0,0.0,0.0,0.0,0.0,0.0,0.0,0.0,,,,,,,,,,0.099458,SEK
242,2019-03-31,SHB,SWE,EUR,0.0,0.0,0.0,0.0,0.0,0.0,0.0,0.0,0.0,0.0,0.0,0.0,0.0,0.0,,,,,,,,,,0.099458,SEK
243,2019-06-30,SHB,SWE,EUR,0.0,0.0,0.0,0.0,0.0,0.0,0.0,0.0,0.0,0.0,0.0,0.0,0.0,0.0,,,,,,,,,,0.099458,SEK
244,2019-09-30,SHB,SWE,EUR,0.0,0.0,0.0,0.0,0.0,0.0,0.0,0.0,0.0,0.0,0.0,0.0,0.0,0.0,,,,,,,,,,0.099458,SEK
245,2019-12-31,SHB,SWE,EUR,0.0,0.0,0.0,0.0,0.0,0.0,0.0,0.0,0.0,0.0,0.0,0.0,0.0,0.0,,,,,,,,,,0.099458,SEK
246,2020-03-31,SHB,SWE,EUR,0.0,0.0,0.0,0.0,0.0,0.0,0.0,0.0,0.0,0.0,0.0,0.0,0.0,0.0,,,,,,,,,,0.099458,SEK
247,2020-06-30,SHB,SWE,EUR,0.0,0.0,0.0,0.0,0.0,0.0,0.0,0.0,0.0,0.0,0.0,0.0,0.0,0.0,,,,,,,,,,0.099458,SEK
248,2020-09-30,SHB,SWE,EUR,0.0,0.0,0.0,0.0,0.0,0.0,0.0,0.0,0.0,0.0,0.0,0.0,0.0,0.0,,,,,,,,,,0.099458,SEK
249,2020-12-31,SHB,SWE,EUR,0.0,0.0,0.0,0.0,0.0,0.0,0.0,0.0,0.0,0.0,0.0,0.0,0.0,0.0,,,,,,,,,,0.099458,SEK
250,2017-12-31,Swedbank,SWE,EUR,0.0,0.0,0.0,0.0,0.0,0.0,0.0,0.0,0.0,0.0,0.0,0.0,0.0,0.0,,,,,,,,,,0.099458,SEK
251,2018-03-31,Swedbank,SWE,EUR,0.0,0.0,0.0,0.0,0.0,0.0,0.0,0.0,0.0,0.0,0.0,0.0,0.0,0.0,,,,,,,,,,0.099458,SEK
252,2018-06-30,Swedbank,SWE,EUR,0.0,0.0,0.0,0.0,0.0,0.0,0.0,0.0,0.0,0.0,0.0,0.0,0.0,0.0,,,,,,,,,,0.099458,SEK
253,2018-09-30,Swedbank,SWE,EUR,0.0,0.0,0.0,0.0,0.0,0.0,0.0,0.0,0.0,0.0,0.0,0.0,0.0,0.0,,,,,,,,,,0.099458,SEK
254,2018-12-31,Swedbank,SWE,EUR,0.0,0.0,0.0,0.0,0.0,0.0,0.0,0.0,0.0,0.0,0.0,0.0,0.0,0.0,,,,,,,,,,0.099458,SEK
255,2019-03-31,Swedbank,SWE,EUR,0.0,0.0,0.0,0.0,0.0,0.0,0.0,0.0,0.0,0.0,0.0,0.0,0.0,0.0,,,,,,,,,,0.099458,SEK
256,2019-06-30,Swedbank,SWE,EUR,0.0,0.0,0.0,0.0,0.0,0.0,0.0,0.0,0.0,0.0,0.0,0.0,0.0,0.0,,,,,,,,,,0.099458,SEK
257,2019-09-30,Swedbank,SWE,EUR,0.0,0.0,0.0,0.0,0.0,0.0,0.0,0.0,0.0,0.0,0.0,0.0,0.0,0.0,,,,,,,,,,0.099458,SEK
258,2019-12-31,Swedbank,SWE,EUR,0.0,0.0,0.0,0.0,0.0,0.0,0.0,0.0,0.0,0.0,0.0,0.0,0.0,0.0,,,,,,,,,,0.099458,SEK
259,2020-03-31,Swedbank,SWE,EUR,0.0,0.0,0.0,0.0,0.0,0.0,0.0,0.0,0.0,0.0,0.0,0.0,0.0,0.0,,,,,,,,,,0.099458,SEK
260,2020-06-30,Swedbank,SWE,EUR,0.0,0.0,0.0,0.0,0.0,0.0,0.0,0.0,0.0,0.0,0.0,0.0,0.0,0.0,,,,,,,,,,0.099458,SEK
261,2020-09-30,Swedbank,SWE,EUR,0.0,0.0,0.0,0.0,0.0,0.0,0.0,0.0,0.0,0.0,0.0,0.0,0.0,0.0,,,,,,,,,,0.099458,SEK
262,2020-12-31,Swedbank,SWE,EUR,0.0,0.0,0.0,0.0,0.0,0.0,0.0,0.0,0.0,0.0,0.0,0.0,0.0,0.0,,,,,,,,,,0.099458,SEK
263,2019-12-31,Nykredit,DNK,EUR,0.0,0.0,0.0,0.0,0.0,0.0,0.0,0.0,0.0,0.0,0.0,0.0,0.0,0.0,,,,,,,,,,0.134424,DKK
264,2020-03-31,Nykredit,DNK,EUR,0.0,0.0,0.0,0.0,0.0,0.0,0.0,0.0,0.0,0.0,0.0,0.0,0.0,0.0,,,,,,,,,,0.134424,DKK
265,2020-06-30,Nykredit,DNK,EUR,0.0,0.0,0.0,0.0,0.0,0.0,0.0,0.0,0.0,0.0,0.0,0.0,0.0,0.0,,,,,,,,,,0.134424,DKK
266,2020-09-30,Nykredit,DNK,EUR,0.0,0.0,0.0,0.0,0.0,0.0,0.0,0.0,0.0,0.0,0.0,0.0,0.0,0.0,,,,,,,,,,0.134424,DKK
267,2020-12-31,Nykredit,DNK,EUR,0.0,0.0,0.0,0.0,0.0,0.0,0.0,0.0,0.0,0.0,0.0,0.0,0.0,0.0,,,,,,,,,,0.134424,DKK
268,2018-06-30,KBC,BEL,EUR,107.0,306.0,4144.0,53.0,413.0,4197.0,4610.0,126786.0,15909.0,8652.0,168.0,142695.0,8820.0,151515.0,,0.058212058212058215,0.0028942850134903116,0.47585034013605443,0.030426030426030426,0.8367884367884368,0.104999504999505,0.058212058212058215,,,
269,2018-09-30,KBC,BEL,EUR,113.0,313.0,3252.0,47.0,426.0,3299.0,3725.0,127222.0,16138.0,6807.0,155.0,143360.0,6962.0,150322.0,,0.046313912800521544,0.0029715401785714284,0.4738580867566791,0.024780138635728637,0.8463298785274278,0.10735620867205066,0.046313912800521544,,,
270,2018-12-31,KBC,BEL,EUR,113.0,305.0,3062.0,42.0,418.0,3104.0,3522.0,127036.0,16983.0,6461.0,154.0,144019.0,6615.0,150634.0,,0.04391438851786449,0.002902394822905311,0.4692365835222978,0.02338117556461357,0.8433421405525977,0.11274347092953782,0.04391438851786449,,,
271,2019-03-31,KBC,BEL,EUR,113.0,300.0,3075.0,38.0,413.0,3113.0,3526.0,129134.0,16755.0,6309.0,133.0,145889.0,6442.0,152331.0,,0.04228948802279247,0.002830919397624221,0.4832350201800683,0.023146962863763776,0.8477197681364922,0.10999074384071529,0.04228948802279247,,,
272,2019-06-30,KBC,BEL,EUR,126.0,306.0,2572.0,32.0,432.0,2604.0,3036.0,134209.0,17692.0,5725.0,135.0,151901.0,5860.0,157761.0,,0.03714479497467688,0.0028439575776328004,0.4443686006825939,0.019244299922033963,0.8507108854533123,0.11214431957201082,0.03714479497467688,,,
273,2019-09-30,KBC,BEL,EUR,134.0,292.0,2460.0,31.0,426.0,2491.0,2917.0,135816.0,17571.0,5526.0,163.0,153387.0,5689.0,159076.0,,0.03576278005481657,0.0027772888184787498,0.4378625417472315,0.01833714702406397,0.8537805828660514,0.11045663707913199,0.03576278005481657,,,
274,2019-12-31,KBC,BEL,EUR,130.0,254.0,2444.0,26.0,384.0,2470.0,2854.0,133309.0,18495.0,5380.0,182.0,151804.0,5562.0,157366.0,,0.035344356468360386,0.002529577613238123,0.44408486156058974,0.018136064969561404,0.8471270795470432,0.11752856398459642,0.035344356468360386,,,
275,2020-03-31,KBC,BEL,EUR,132.0,299.0,2398.0,22.0,431.0,2420.0,2851.0,137931.0,18075.0,5174.0,175.0,156006.0,5349.0,161355.0,,0.03315050664683462,0.002762714254579952,0.4524210132735091,0.01766911468501131,0.8548294134052246,0.11202007994794087,0.03315050664683462,,,
276,2020-06-30,KBC,BEL,EUR,176.0,910.0,2556.0,26.0,1086.0,2582.0,3668.0,136760.0,18667.0,5189.0,163.0,155427.0,5352.0,160779.0,,0.03328792939376411,0.006987202995618522,0.48243647234678627,0.02281392470409693,0.85060859938176,0.11610347122447583,0.03328792939376411,,,
277,2020-09-30,KBC,BEL,EUR,179.0,942.0,2449.0,20.0,1121.0,2469.0,3590.0,138050.0,19011.0,5049.0,146.0,157061.0,5195.0,162256.0,,0.032017305985603,0.007137354276363961,0.47526467757459095,0.022125530026624592,0.8508159944778622,0.11716669953653486,0.032017305985603,,,
278,2020-12-31,KBC,BEL,EUR,168.0,992.0,2517.0,18.0,1160.0,2535.0,3695.0,138272.0,19423.0,5278.0,139.0,157695.0,5417.0,163112.0,,0.03321030948060229,0.007355971971210248,0.46797120177219864,0.022653146304379812,0.8477120015694737,0.11907768894992397,0.03321030948060229,,,
279,2017-12-31,Belfius,BEL,EUR,138.0,184.0,1153.0,0.0,322.0,1153.0,1475.0,,,1821.0,0.0,84317.0,1821.0,86138.0,,0.021140495483990804,0.0038189214511901515,0.6331685886875343,0.017123685249251203,,,0.021140495483990804,,,
280,2018-06-30,Belfius,BEL,EUR,154.0,162.0,1176.0,0.0,316.0,1176.0,1492.0,,,1917.0,0.0,80198.0,1917.0,82115.0,,0.023345308408938684,0.00394024788648096,0.6134585289514867,0.01816964013882969,,,0.023345308408938684,,,
281,2018-12-31,Belfius,BEL,EUR,163.0,174.0,1147.0,0.0,337.0,1147.0,1484.0,81215.0,7708.0,1863.0,0.0,88923.0,1863.0,90786.0,,0.020520785143083736,0.003789795665913206,0.6156736446591519,0.01634613266362655,0.8945762562509638,0.08490295860595246,0.020520785143083736,,,
282,2019-06-30,Belfius,BEL,EUR,180.0,188.0,1121.0,0.0,368.0,1121.0,1489.0,,,1805.0,0.0,86028.0,1805.0,87833.0,,0.020550362619971993,0.004277677035383828,0.6210526315789474,0.016952626006170802,,,0.020550362619971993,,,
283,2019-12-31,Belfius,BEL,EUR,198.0,159.0,1158.0,0.0,357.0,1158.0,1515.0,85615.0,7434.0,1859.0,0.0,93049.0,1859.0,94908.0,,0.019587389893370423,0.003836688196541607,0.6229155459924691,0.015962827158932862,0.9020841235723016,0.07832848653432799,0.019587389893370423,,,
284,2020-06-30,Belfius,BEL,EUR,144.0,453.0,1197.0,0.0,597.0,1197.0,1794.0,85631.0,11485.0,1952.0,0.0,97116.0,1952.0,99068.0,,0.019703637905277183,0.006147287779562585,0.6132172131147541,0.018108773771550853,0.8643658900956919,0.11593047199903096,0.019703637905277183,,,
285,2020-12-31,Belfius,BEL,EUR,133.883,495.22,1198.825,0.0,629.1030000000001,1198.825,1827.928,84330.02,12312.554,1997.262,0.0,96642.57400000001,1997.262,98639.83600000001,,0.02024802636533175,0.006509584481886834,0.6002342206480672,0.018531336568726655,0.8549286314709607,0.12482334216370757,0.02024802636533175,,,
286,2019-03-31,OTP,HUN,EUR,0.0,0.0,0.0,0.0,0.0,0.0,0.0,0.0,0.0,0.0,0.0,0.0,0.0,0.0,,,,,,,,,,2.7428,HUFk
287,2019-06-30,OTP,HUN,EUR,0.0,0.0,0.0,0.0,0.0,0.0,0.0,0.0,0.0,0.0,0.0,0.0,0.0,0.0,,,,,,,,,,2.7428,HUFk
288,2019-09-30,OTP,HUN,EUR,0.0,0.0,0.0,0.0,0.0,0.0,0.0,0.0,0.0,0.0,0.0,0.0,0.0,0.0,,,,,,,,,,2.7428,HUFk
289,2019-12-31,OTP,HUN,EUR,0.0,0.0,0.0,0.0,0.0,0.0,0.0,0.0,0.0,0.0,0.0,0.0,0.0,0.0,,,,,,,,,,2.7428,HUFk
290,2020-03-31,OTP,HUN,EUR,0.0,0.0,0.0,0.0,0.0,0.0,0.0,0.0,0.0,0.0,0.0,0.0,0.0,0.0,,,,,,,,,,2.7428,HUFk
291,2020-06-30,OTP,HUN,EUR,0.0,0.0,0.0,0.0,0.0,0.0,0.0,0.0,0.0,0.0,0.0,0.0,0.0,0.0,,,,,,,,,,2.7428,HUFk
292,2020-09-30,OTP,HUN,EUR,0.0,0.0,0.0,0.0,0.0,0.0,0.0,0.0,0.0,0.0,0.0,0.0,0.0,0.0,,,,,,,,,,2.7428,HUFk
293,2020-12-31,OTP,HUN,EUR,0.0,0.0,0.0,0.0,0.0,0.0,0.0,0.0,0.0,0.0,0.0,0.0,0.0,0.0,,,,,,,,,,2.7428,HUFk
294,2018-12-31,Erste,AUT,EUR,262.0,334.0,1813.0,158.0,596.0,1971.0,2567.0,96453.0,6670.0,2832.0,474.0,103123.0,3306.0,106429.0,,0.031062962162568472,0.0057795060267835496,0.5961887477313974,0.024119365962284714,0.9062661492638284,0.06267088857360306,0.031062962162568472,,,
295,2019-06-30,Erste,AUT,EUR,262.0,329.0,1696.0,123.0,591.0,1819.0,2410.0,100559.0,6694.0,2594.0,431.0,107253.0,3025.0,110278.0,,0.027430675202669615,0.005510335375234259,0.6013223140495868,0.02185386024411034,0.9118681876711583,0.06070113712617204,0.027430675202669615,,,
296,2019-12-31,Erste,AUT,EUR,253.0,371.0,1509.0,137.0,624.0,1646.0,2270.0,102540.0,8438.0,2445.0,369.0,110978.0,2814.0,113792.0,,0.02472933070866142,0.005622736037773252,0.5849324804548686,0.019948678290213722,0.9011178290213723,0.07415284026996626,0.02472933070866142,,,
297,2020-06-30,Erste,AUT,EUR,237.0,757.0,1562.0,122.0,994.0,1684.0,2678.0,95443.0,17580.0,2516.0,326.0,113023.0,2842.0,115865.0,,0.0245285461528503,0.008794670111393257,0.5925404644616468,0.023113105769645707,0.8237431493548526,0.15172830449229707,0.0245285461528503,,,
298,2020-12-31,Erste,AUT,EUR,264.0,898.0,1714.0,122.0,1162.0,1836.0,2998.0,93956.0,20735.0,2909.0,318.0,114691.0,3227.0,117918.0,,0.027366475008056446,0.010131570916636877,0.568949488689185,0.025424447497413457,0.7967909903492257,0.17584253464271782,0.027366475008056446,,,
299,2018-12-31,Raiffeisen,AUT,EUR,165.457,332.442,1978.241,0.0,497.899,1978.241,2476.14,74714.485,12056.405,3136.848,0.0,86770.89,3136.848,89907.738,,0.03488963319264021,0.005738087969363919,0.6306461135509276,0.027540899761041703,0.8310128434106528,0.13409752339670697,0.03488963319264021,,,
300,2019-06-30,Raiffeisen,AUT,EUR,169.0,339.0,1852.0,0.0,508.0,1852.0,2360.0,82508.0,12406.0,3002.0,0.0,94914.0,3002.0,97916.0,,0.030658932145920994,0.005352213582822345,0.6169220519653564,0.024102291760284326,0.84264063074472,0.12670043710935905,0.030658932145920994,,,
301,2019-12-31,Raiffeisen,AUT,EUR,174.985,334.86,1761.086,0.0,509.845,1761.086,2270.931,85271.183,12443.019,2859.954,0.0,97714.202,2859.954,100574.156,,0.028436271441343242,0.005217716458452989,0.615774239725534,0.022579667484358506,0.8478438834724101,0.1237198450862466,0.028436271441343242,,,
302,2020-06-30,Raiffeisen,AUT,EUR,160.0,543.0,1848.0,0.0,703.0,1848.0,2551.0,76613.0,27882.0,2851.0,0.0,104495.0,2851.0,107346.0,,0.026558977511970637,0.006727594621752237,0.6481936162749913,0.02376427626553388,0.7137014886441972,0.2597395338438321,0.026558977511970637,,,
303,2020-12-31,Raiffeisen,AUT,EUR,184.66,628.84,1630.544,119.382,813.5,1749.9260000000002,2563.426,80182.221,21136.355,2594.895,321.061,101318.576,2915.956,104234.532,,0.027974951717536372,0.008029129821169219,0.6001208523036698,0.02459286716997012,0.7692481508911078,0.20277689739135585,0.027974951717536372,,,
