,Institute,Quarter,Portfolio,FCCY,Exchange Rate,Coverage Ratio POCI,Coverage Ratio Stage 1,Coverage Ratio Stage 2,Coverage Ratio Stage 3,Coverage Ratio Total,EAD POCI,EAD Stage 1,EAD Stage 2,EAD Stage 2 UTD,EAD Stage 230+,EAD Stage 3,EAD Total,ECL POCI,ECL Stage 1,ECL Stage 2,ECL Stage 2 UTD,ECL Stage 230+,ECL Stage 3,ECL Total,Stage 2 Analysis Stage 2 30+,Staging balances (%) POCI,Staging balances (%) Stage 1,Staging balances (%) Stage 2,Staging balances (%) Stage 3,EAD Performing,EAD Default,ECL Performing,ECL Default,NPL Ratio,Coverage Ratio Performing,Coverage Ratio Default,Share S1 (EAD),Share S2 (EAD),Share S3/Poci (EAD)
0,Barclays - Group,2020Q4,Consumer Lending (including Auto Finance),GBP,1.0,,0.020592955997698434,0.2683139534883721,0.7096469104665826,0.122546384881646,,33.021,10.32,10.014000000000001,0.306,3.172,46.513,,680.0,2769.0,2562.0,207.0,2251.0,5700.0,0.029651162790697672,,0.7099305570485671,0.2218734547330854,0.06819598821834756,43.341,,3449.0,,,86.682,,0.7099305570485671,0.2218734547330854,0.06819598821834756
1,Barclays - Group,2020Q4,Corporate & Commercial,GBP,1.0,,0.002682223563334004,0.03326471413867316,0.29685324422166526,0.0145353471639784,,119.304,21.374,20.598,0.776,3.591,144.269,,320.0,711.0,700.0,11.0,1066.0,2097.0,0.03630579208384018,,0.8269552017411917,0.14815379603379797,0.024891002225010225,140.678,,1031.0,,,281.356,,0.8269552017411917,0.14815379603379797,0.024891002225010225
3,Barclays - Group,2020Q4,Mortgages,GBP,1.0,,0.0002380282604461948,0.004349627174813587,0.18845120859444942,0.003358616599556762,,138.639,19.312,18.436,0.876,2.234,160.18500000000003,,33.0,84.0,70.0,14.0,421.0,538.0,0.04536039768019884,,0.8654930236913567,0.12056060180416392,0.013946374504479194,157.95100000000002,,117.0,,,315.90200000000004,,0.8654930236913567,0.12056060180416392,0.013946374504479194
4,Barclays - Group,2020Q4,Other Assets,GBP,1.0,,,,,,,,,,,,0.0,,,,,,,0.0,,,,,,,,,,,,,,,
5,Barclays - Group,2020Q4,Other Loans & Advances,GBP,1.0,,,,,,,,,,,,0.0,,,,,,,0.0,,,,,,,,,,,,,,,
7,Barclays - UK,2020Q4,Consumer Lending (including Auto Finance),GBP,1.0,,0.021906453522794554,0.3065392135563763,0.7559241706161137,0.1484851910468008,,11.823,4.603,4.492999999999999,0.11,1.266,17.692,,259.0,1411.0,1329.0,82.0,957.0,2627.0,0.02389745817944819,,0.6682681437938052,0.26017408998417363,0.07155776622202126,16.426000000000002,,1670.0,,,32.852000000000004,,0.6682681437938052,0.26017408998417363,0.07155776622202126
8,Barclays - UK,2020Q4,Corporate & Commercial,GBP,1.0,,0.0008556556461388538,0.03218799368088468,0.15565031982942432,0.008610744891232697,,42.073,5.063999999999999,4.9879999999999995,0.076,1.407,48.544,,36.0,163.0,161.0,2.0,219.0,418.0,0.01500789889415482,0.0,0.86669825313118,0.10431773236651284,0.028984014502307188,47.137,,199.0,,,94.274,,0.86669825313118,0.10431773236651284,0.028984014502307188
10,Barclays - UK,2020Q4,Mortgages,GBP,1.0,,0.00020928285740861314,0.0017380913584270272,0.03964757709251101,0.0007000632749498512,,129.012,18.411,17.622,0.789,1.135,148.558,,27.0,32.0,24.0,8.0,45.0,104.0,0.04285481505621639,,0.8684284925752905,0.12393139379905493,0.007640113625654627,147.423,,59.0,,,294.846,,0.8684284925752905,0.12393139379905493,0.007640113625654627
11,Barclays - UK,2020Q4,Other Assets,GBP,1.0,,,,,,,,,,,,0.0,,,,,,,0.0,,,,,,,,,,,,,,,
12,Barclays - UK,2020Q4,Other Loans & Advances,GBP,1.0,,,,,,,,,,,,0.0,,,,,,,0.0,,,,,,,,,,,,,,,
14,HSBC - Group,2020Q4,Consumer Lending (including Auto Finance),USD,1.284145,,0.00225449301289716,0.15242811941119824,0.4450041981528128,0.011623364786152657,0.0,328.677,14.538,,,2.382,345.59700000000004,,741.0,2216.0,,,1060.0,4017.0,,0.0,0.9510412416774451,0.04206633738140088,0.006892420941154003,343.21500000000003,2.382,2957.0,,144.08690176322418,686.4300000000001,4.764,0.9510412416774451,0.04206633738140088,0.006892420941154003
15,HSBC - Group,2020Q4,Corporate & Commercial,USD,1.284145,0.4050179211469534,0.002110246538934203,0.01617844205482187,0.421033969222041,0.012214289456512938,0.279,650.161,175.29500000000002,,,14.101,839.8359999999999,113.0,1372.0,2836.0,,,5937.0,10258.0,,0.0003322077167446978,0.774152334503403,0.20872527493463014,0.016790182845222164,825.4559999999999,14.38,4208.0,6050.0,57.40305980528511,1650.9119999999998,28.76,0.774152334503403,0.20872527493463014,0.017122390561966863
17,HSBC - Group,2020Q4,Mortgages,USD,1.284145,,0.0003712878639363642,0.015368266165290606,0.1306532663316583,0.0021431693927024373,,336.666,12.233,,,3.383,352.282,,125.0,188.0,,,442.0,755.0,,0.0,0.9556718765080249,0.03472502143169393,0.009603102060281253,348.899,,313.0,,,697.798,,0.9556718765080249,0.03472502143169393,0.009603102060281253
18,HSBC - Group,2020Q4,Other Assets,USD,1.284145,,,,,,,,,,,,0.0,,,,,,,0.0,,,,,,,,,,,,,,,
19,HSBC - Group,2020Q4,Other Loans & Advances,USD,1.284145,0.2195121951219512,0.0001724050107165387,0.008090295591775524,0.1933774834437086,0.0005119452295014169,0.041,1020.8520000000001,25.339,,,0.755,1046.987,9.0,176.0,205.0,,,146.0,536.0,,3.915998957007107e-05,0.9750378944533218,0.02420182867600075,0.0007211168811074063,1046.191,0.796,381.0,155.0,1314.3103015075376,2092.382,1.592,0.9750378944533218,0.02420182867600075,0.0007602768706774773
21,HSBC - UK,2020Q4,Consumer Lending (including Auto Finance),GBP,1.0,,0.002995301889502082,0.20520858451892937,0.5783365570599612,0.02426648192184545,,48.743,4.146999999999999,,,0.517,53.407000000000004,,146.0,851.0,,,299.0,1296.0,,,0.9126706237010129,0.07764899732244836,0.009680378976538655,52.89,,997.0,,,105.78,,0.9126706237010129,0.07764899732244836,0.009680378976538655
22,HSBC - UK,2020Q4,Corporate & Commercial,GBP,1.0,0.6216216216216216,0.005517896079623834,0.029212747380675207,0.27105366235801015,0.01938560951843684,0.037,67.417,27.488,,,2.553,97.495,23.0,372.0,803.0,,,692.0,1890.0,,0.00037950664136622385,0.6914918713780194,0.2819426637263449,0.026185958254269448,94.905,2.59,1175.0,715.0,36.642857142857146,189.81,5.18,0.6914918713780194,0.2819426637263449,0.02656546489563567
24,HSBC - UK,2020Q4,Mortgages,GBP,1.0,,0.0002806571118512143,0.014210178453403834,0.12749003984063745,0.0015270486396617002,,106.892,3.026,,,0.753,110.67099999999999,,30.0,43.0,,,96.0,169.0,,,0.9658537466906416,0.027342302861634936,0.006803950447723433,109.91799999999999,,73.0,,,219.83599999999998,,0.9658537466906416,0.027342302861634936,0.006803950447723433
25,HSBC - UK,2020Q4,Other Assets,GBP,1.0,,,,,,,,,,,,0.0,,,,,,,0.0,,,,,,,,,,,,,,,
26,HSBC - UK,2020Q4,Other Loans & Advances,GBP,1.0,,0.00011761523352504617,0.03304904051172707,0.011345218800648298,0.0005544005544005545,0.002,85.023,0.9380000000000002,,,0.617,86.58,,10.0,31.0,,,7.0,48.0,,2.31000231000231e-05,0.982016632016632,0.010833910833910837,0.007126357126357126,85.961,0.619,41.0,,138.87075928917608,171.922,1.238,0.982016632016632,0.010833910833910837,0.0071494571494571495
28,Lloyds - Statutory,2020Q4,Consumer Lending (including Auto Finance),GBP,1.0,,0.01417657556495759,0.14064003849855633,0.47766990291262135,0.03999121814466418,,49.871,8.312,8.119,0.193,1.03,59.213,,707.0,1169.0,1101.0,68.0,492.0,2368.0,0.02321944177093359,,0.8422305912552986,0.14037457990643945,0.017394828838261867,58.183,,1876.0,,,116.366,,0.8422305912552986,0.14037457990643945,0.017394828838261867
29,Lloyds - Statutory,2020Q4,Corporate & Commercial,GBP,1.0,,0.00508801269877264,0.051760268231349535,0.36748013620885356,0.02709337315323876,,70.558,14.316,14.058,0.258,3.524,88.39800000000001,,359.0,741.0,736.0,5.0,1295.0,2395.0,0.01802179379715004,,0.7981854793094866,0.16194936537025723,0.03986515532025611,84.87400000000001,,1100.0,,,169.74800000000002,,0.7981854793094866,0.16194936537025723,0.03986515532025611
31,Lloyds - Statutory,2020Q4,Mortgages,GBP,1.0,0.020861641755255376,0.0004255860757781861,0.016127920601006273,0.10274341043571814,0.0034836468728587605,12.511,251.418,29.018,27.295,1.723,1.859,294.80600000000004,261.0,107.0,468.0,389.0,79.0,191.0,1027.0,0.05937693845199531,0.04243807792243034,0.8528252477900721,0.09843083247966458,0.006305841807832947,280.43600000000004,14.37,575.0,452.0,19.515379262352127,560.8720000000001,28.74,0.8528252477900721,0.09843083247966458,0.048743919730263284
32,Lloyds - Statutory,2020Q4,Other Assets,GBP,1.0,,,,,0.0,,16.158,,,,,16.158,,,,,,,0.0,,,1.0,,,,,,,,,,1.0,,
33,Lloyds - Statutory,2020Q4,Other Loans & Advances,GBP,1.0,,0.006618783818603453,0.07692307692307693,0.2207792207792208,0.006898658862123308,,62.096,0.013,,,0.077,62.18599999999999,,411.0,1.0,,,17.0,429.0,,,0.9985527289100441,0.00020905026854919114,0.0012382208214067477,62.108999999999995,,412.0,,,124.21799999999999,,0.9985527289100441,0.00020905026854919114,0.0012382208214067477
35,Lloyds - Underlying,2020Q4,Consumer Lending (including Auto Finance),GBP,1.0,,0.014389211101968733,0.14296037576779477,0.48493683187560743,0.040617974679265055,,49.829,8.303,8.110000000000001,0.193,1.029,59.161,,717.0,1187.0,1118.0,69.0,499.0,2403.0,0.023244610381789713,,0.8422609489359544,0.14034583593921673,0.017393215124828856,58.132000000000005,,1904.0,,,116.26400000000001,,0.8422609489359544,0.14034583593921673,0.017393215124828856
36,Lloyds - Underlying,2020Q4,Corporate & Commercial,GBP,1.0,,0.00508801269877264,0.051760268231349535,0.36748013620885356,0.02709337315323876,,70.558,14.316,14.058,0.258,3.524,88.39800000000001,,359.0,741.0,736.0,5.0,1295.0,2395.0,0.01802179379715004,,0.7981854793094866,0.16194936537025723,0.03986515532025611,84.87400000000001,,1100.0,,,169.74800000000002,,0.7981854793094866,0.16194936537025723,0.03986515532025611
38,Lloyds - Underlying,2020Q4,Mortgages,GBP,1.0,,0.00043470872539449817,0.021065413652922235,0.15631307468042163,0.005433605070010562,,253.043,37.882,34.778999999999996,3.103,4.459,295.384,,110.0,798.0,625.0,173.0,697.0,1605.0,0.0819122538408743,,0.8566577742870297,0.1282466213471278,0.015095604365842426,290.925,,908.0,,,581.85,,0.8566577742870297,0.1282466213471278,0.015095604365842426
39,Lloyds - Underlying,2020Q4,Other Assets,GBP,1.0,,,,,0.0,,16.158,,,,,16.158,,,,,,,0.0,,,1.0,,,,,,,,,,1.0,,
40,Lloyds - Underlying,2020Q4,Other Loans & Advances,GBP,1.0,,0.006618783818603453,0.07692307692307693,0.2207792207792208,0.006898658862123308,,62.096,0.013,,,0.077,62.18599999999999,,411.0,1.0,,,17.0,429.0,,,0.9985527289100441,0.00020905026854919114,0.0012382208214067477,62.108999999999995,,412.0,,,124.21799999999999,,0.9985527289100441,0.00020905026854919114,0.0012382208214067477
42,NatWest - Bank plc,2020Q4,Consumer Lending (including Auto Finance),GBP,1.0,,0.015161086544535692,0.14692573862124036,0.8223801065719362,0.10429966203529853,,6.332,3.757,3.65,0.107,0.563,10.652000000000001,,96.0,552.0,,,463.0,1111.0,0.028480170348682457,,0.5944423582425835,0.3527037176117161,0.05285392414570033,10.089,,648.0,,,20.178,,0.5944423582425835,0.3527037176117161,0.05285392414570033
43,NatWest - Bank plc,2020Q4,Corporate & Commercial,GBP,1.0,,0.004645432328169497,0.04544016868740116,0.40276941601444916,0.027528350936240217,,49.511,28.455,28.209,0.246,1.661,79.62700000000001,,230.0,1293.0,,,669.0,2192.0,0.008645229309435952,,0.6217865799289185,0.3573536614464942,0.020859758624587135,77.96600000000001,,1523.0,,,155.93200000000002,,0.6217865799289185,0.3573536614464942,0.020859758624587135
45,NatWest - Bank plc,2020Q4,Mortgages,GBP,1.0,,0.00016062659670486011,0.007465764725292856,0.14760508308895406,0.0022627479888465115,,130.738,24.244,23.875,0.369,1.023,156.005,,21.0,181.0,,,151.0,353.0,0.015220260683055601,,0.838037242396077,0.15540527547194,0.006557482131982949,154.982,,202.0,,,309.964,,0.838037242396077,0.15540527547194,0.006557482131982949
46,NatWest - Bank plc,2020Q4,Other Assets,GBP,1.0,,,,,,,,,,,,0.0,,,,,,,0.0,,,,,,,,,,,,,,,
47,NatWest - Bank plc,2020Q4,Other Loans & Advances,GBP,1.0,,0.0005807575659805123,0.024147727272727276,0.2857142857142857,0.0016662038322688142,,30.994,1.408,1.407,0.001,0.007,32.409,,18.0,34.0,,,2.0,54.0,0.0007102272727272727,,0.9563392884692524,0.04344472214508315,0.00021598938566447592,32.402,,52.0,,,64.804,,0.9563392884692524,0.04344472214508315,0.00021598938566447592
49,NatWest - Group plc,2020Q4,Consumer Lending (including Auto Finance),GBP,1.0,,0.014704080382306091,0.1416021752771387,0.8123287671232876,0.10166764189584551,,8.161,4.781,4.646,0.135,0.73,13.672,,120.0,677.0,,,593.0,1390.0,0.028236770550094128,,0.5969133996489174,0.34969280280866,0.05339379754242247,12.942,,797.0,,,25.884,,0.5969133996489174,0.34969280280866,0.05339379754242247
50,NatWest - Group plc,2020Q4,Corporate & Commercial,GBP,1.0,,0.004330089247177088,0.0489481306919999,0.4421121679239095,0.031597885977735295,,71.823,40.737,39.713,1.024,3.049,115.60900000000001,,311.0,1994.0,,,1348.0,3653.0,0.025136853474728132,,0.6212578605471891,0.3523687602176301,0.026373379235180648,112.56,,2305.0,,,225.12,,0.6212578605471891,0.3523687602176301,0.026373379235180648
52,NatWest - Group plc,2020Q4,Mortgages,GBP,1.0,,0.00032199612341922,0.010787595955496939,0.24824081313526195,0.005275147494173718,,158.387,29.571,28.931,0.64,2.558,190.516,,51.0,319.0,,,635.0,1005.0,0.021642825741435865,,0.8313579961787987,0.15521531000020997,0.013426693820991412,187.958,,370.0,,,375.916,,0.8313579961787987,0.15521531000020997,0.013426693820991412
53,NatWest - Group plc,2020Q4,Other Assets,GBP,1.0,,,,,,,,,,,,0.0,,,,,,,0.0,,,,,,,,,,,,,,,
54,NatWest - Group plc,2020Q4,Other Loans & Advances,GBP,1.0,,0.0007589276557340061,0.023772204806687566,0.47619047619047616,0.002623474392608646,0.0,48.753,3.828,3.718,0.11,0.021,52.602000000000004,,37.0,91.0,,,10.0,138.0,0.028735632183908046,0.0,0.926827877267024,0.0727728983688833,0.00039922436409262004,52.581,0.021,128.0,,2503.8571428571427,105.162,0.042,0.926827877267024,0.0727728983688833,0.00039922436409262004
56,Nationwide,2020Q4,Consumer Lending (including Auto Finance),GBP,1.0,,0.011699164345403901,0.21095571095571095,0.8993506493506495,0.11164844407064763,,3.59,0.858,,,0.308,4.755999999999999,,42.0,181.0,,,277.0,531.0,,,0.7548359966358285,0.18040370058873004,0.06476030277544155,4.4479999999999995,,223.0,,,8.895999999999999,,0.7548359966358285,0.18040370058873004,0.06476030277544155
57,Nationwide,2020Q4,Corporate & Commercial,GBP,1.0,,0.0004755865567533291,0.02527075812274368,0.4,0.006301575393848463,,6.308,0.277,,,0.08,6.665,,3.0,7.0,,,32.0,42.0,,,0.946436609152288,0.04156039009752439,0.012003000750187547,6.585,,10.0,,,13.17,,0.946436609152288,0.04156039009752439,0.012003000750187547
59,Nationwide,2020Q4,Mortgages,GBP,1.0,,0.0003910811465838235,0.022331861854063877,0.03622577927548441,0.001584561543425906,0.152,181.548,7.702,6.456,1.246,1.187,190.589,,71.0,172.0,131.0,41.0,43.0,302.0,0.16177616203583484,0.0007975276642408533,0.952562844655253,0.0404115662498885,0.006228061430617717,189.25,1.339,243.0,,141.33681852128456,378.5,2.678,0.952562844655253,0.0404115662498885,0.00702558909485857
60,Nationwide,2020Q4,Other Assets,GBP,1.0,,,,,,,,,,,,0.0,,,,,,,0.0,,,,,,,,,,,,,,,
61,Nationwide,2020Q4,Other Loans & Advances,GBP,1.0,,,,,,,,,,,,0.0,,,,,,,0.0,,,,,,,,,,,,,,,
63,Santander - UK,2020Q4,Consumer Lending (including Auto Finance),GBP,1.0,,0.002446962677879933,0.19089456869009575,0.4915254237288134,0.009857083773723636,,42.09299999999999,1.2520000000000007,,,0.17700000000000005,43.52199999999999,,103.0,239.0,,,87.0,429.0,,,0.9671660309728413,0.028767060337300695,0.004066908689858005,43.34499999999999,,342.0,,,86.68999999999998,,0.9671660309728413,0.028767060337300695,0.004066908689858005
64,Santander - UK,2020Q4,Corporate & Commercial,GBP,1.0,,0.0022156573116691287,0.03330843913368185,0.34313725490196073,0.01759384768596641,,28.434,6.695,,,1.02,36.14900000000001,,63.0,223.0,,,350.0,636.0,,,0.7865777753188192,0.18520567650557412,0.028216548175606513,35.129000000000005,,286.0,,,70.25800000000001,,0.7865777753188192,0.18520567650557412,0.028216548175606513
66,Santander - UK,2020Q4,Mortgages,GBP,1.0,,9.516921085690356e-05,0.012514439738159416,0.07337409672040023,0.0016313213703099511,,157.614,10.388,,,1.799,169.80100000000002,,15.0,130.0,,,132.0,277.0,,,0.9282277489531863,0.06117749601003527,0.010594755036778345,168.002,,145.0,,,336.004,,0.9282277489531863,0.06117749601003527,0.010594755036778345
67,Santander - UK,2020Q4,Other Assets,GBP,1.0,,,,,,,,,,,,0.0,,,,,,,0.0,,,,,,,,,,,,,,,
68,Santander - UK,2020Q4,Other Loans & Advances,GBP,1.0,,0.0004415011037527594,,,0.00044125063035804334,,79.275,0.045,,,,79.32000000000001,,35.0,,,,,35.0,,0.0,0.9994326777609682,0.00056732223903177,,79.32000000000001,,,,,158.64000000000001,,0.9994326777609682,0.00056732223903177,
0,Barclays - Group,2020Q3,Consumer Lending (including Auto Finance),GBP,1.0,,0.005162605758661347,0.13037145414430912,0.6894236650193603,0.033364820280878185,,161.6066603594715,23.035540275080137,22.762540275080138,0.273,3.5409407265774377,188.1831413611291,,834.311475409836,3003.1768826619964,2830.1768826619964,173.0,2441.2083333333335,6278.696691405166,0.011851252314465209,,0.8587733161991566,0.12241022287365394,0.01881646092718936,184.64220063455164,,3837.4883580718324,,,369.2844012691033,,0.8587733161991566,0.12241022287365394,0.01881646092718936
1,Barclays - Group,2020Q3,Corporate & Commercial,GBP,1.0,,0.0008679004611299165,0.016423842714296994,0.2548544167029003,0.008223764324041524,,253.12640611361377,89.24970500734284,88.70470500734284,0.545,4.58219120458891,346.9583023255455,,219.68852459016392,1465.8231173380036,1458.8231173380036,7.0,1167.7916666666667,2853.3033085948346,0.006106462760354908,,0.7295585792788127,0.25723467174335335,0.013206748977833978,342.3761111209566,,1685.5116419281676,,,684.7522222419132,,0.7295585792788127,0.25723467174335335,0.013206748977833978
3,Barclays - Group,2020Q3,Mortgages,GBP,1.0,,0.0001383892139438003,0.004113482818671731,0.17524502471189404,0.0029685721451663976,,144.5199335269147,20.66375471757702,19.69475471757702,0.969,2.236868068833652,167.4205563133254,,20.0,85.0,73.0,12.0,392.0,497.0,0.04689370413285773,,0.8632149881072402,0.12342423877092532,0.013360773121834469,165.18368824449175,,105.0,,,330.3673764889835,,0.8632149881072402,0.12342423877092532,0.013360773121834469
4,Barclays - Group,2020Q3,Other Assets,GBP,1.0,,0.0004884074025574144,0.011481951473083922,0.030666666666666665,0.0026755718856057097,,282.551,65.407,,,1.5,349.45799999999997,,138.0,751.0,,,46.0,935.0,,,0.8085406543847902,0.18716698430140388,0.0042923613138059515,347.95799999999997,,889.0,,,695.9159999999999,,0.8085406543847902,0.18716698430140388,0.0042923613138059515
5,Barclays - Group,2020Q3,Other Loans & Advances,GBP,1.0,,,,,,,,,,,,0.0,,,,,,,0.0,,,,,,,,,,,,,,,
7,HSBC - Group,2020Q3,Consumer Lending (including Auto Finance),USD,1.2891,,0.0024675464006007936,0.12818809776833154,0.42910140148392417,0.010760881264906328,,335.55600000000004,15.056000000000001,,,2.4259999999999997,353.038,,828.0,1930.0,,,1041.0,3799.0,,,0.9504812513100573,0.04264696718200307,0.006871781507939654,350.612,,2758.0,,,701.224,,0.9504812513100573,0.04264696718200307,0.006871781507939654
8,HSBC - Group,2020Q3,Corporate & Commercial,USD,1.2891,0.3848797250859107,0.001928609237992221,0.015630517172382948,0.4064171122994653,0.011367608122148222,0.291,651.765,169.924,,,13.463999999999999,835.4440000000001,112.0,1257.0,2656.0,,,5472.0,9497.0,,0.00034831778072497973,0.7801420562000564,0.20339364457701534,0.016115981442203185,821.689,13.754999999999999,3913.0,5584.0,59.737477280988735,1643.378,27.509999999999998,0.7801420562000564,0.20339364457701534,0.016464299222928164
10,HSBC - Group,2020Q3,Mortgages,USD,1.2891,,0.0003748947594160537,0.016223148445014428,0.1271889400921659,0.0023530822379760493,,314.755,15.595,,,3.255,333.605,,118.0,253.0,,,414.0,785.0,,,0.9434960507186643,0.0467469012754605,0.00975704800587521,330.35,,371.0,,,660.7,,0.9434960507186643,0.0467469012754605,0.00975704800587521
11,HSBC - Group,2020Q3,Other Assets,USD,1.2891,,,,,,,,,,,,0.0,,,,,,,0.0,,,,,,,,,,,,,,,
12,HSBC - Group,2020Q3,Other Loans & Advances,USD,1.2891,,0.00021179659093740593,0.007642869550112907,0.266735324407827,0.0006531806449809448,,1043.4540000000002,28.784999999999997,,,0.971,1073.2100000000003,1.0,221.0,220.0,,,259.0,701.0,,,0.9722738327074849,0.026821404944046355,0.0009047623484686126,1072.2390000000003,,441.0,260.0,,2144.4780000000005,,0.9722738327074849,0.026821404944046355,0.0009047623484686126
14,Lloyds - Underlying,2020Q3,Consumer Lending (including Auto Finance),GBP,1.0,,0.015798771429718552,0.15849102085090994,0.4141716566866267,0.04257946644562109,,49.814,8.297,,,1.002,59.11300000000001,,787.0,1315.0,,,415.0,2517.0,,,0.842691117013178,0.14035829682134218,0.016950586165479672,58.111000000000004,,2102.0,,,116.22200000000001,,0.842691117013178,0.14035829682134218,0.016950586165479672
15,Lloyds - Underlying,2020Q3,Corporate & Commercial,GBP,1.0,,0.004604238607894915,0.05093136951544031,0.4038018433179723,0.027440198553639442,,73.845,16.159,,,3.472,93.47599999999998,,340.0,823.0,,,1402.0,2565.0,,,0.7899888741495145,0.17286790192134882,0.037143223929136895,90.00399999999999,,1163.0,,,180.00799999999998,,0.7899888741495145,0.17286790192134882,0.037143223929136895
17,Lloyds - Underlying,2020Q3,Mortgages,GBP,1.0,,0.0004566078561232759,0.02195016976710822,0.16438053097345134,0.0061221880949008265,,243.097,41.822,,,4.52,289.43899999999996,,111.0,918.0,,,743.0,1772.0,,,0.8398902704887733,0.1444933129260397,0.015616416585187207,284.919,,1029.0,,,569.838,,0.8398902704887733,0.1444933129260397,0.015616416585187207
18,Lloyds - Underlying,2020Q3,Other Assets,GBP,1.0,,,,,,,,,,,,0.0,,,,,,,0.0,,,,,,,,,,,,,,,
19,Lloyds - Underlying,2020Q3,Other Loans & Advances,GBP,1.0,,0.00330531683822835,0.07692307692307693,0.2375,0.0036148176088767353,,63.534,0.013,,,0.08,63.626999999999995,,210.0,1.0,,,19.0,230.0,,,0.9985383563581499,0.00020431577789303284,0.0012573278639571252,63.547,,211.0,,,127.094,,0.9985383563581499,0.00020431577789303284,0.0012573278639571252
21,NatWest - Group plc,2020Q3,Consumer Lending (including Auto Finance),GBP,1.0,,0.01791671815148894,0.15082171832743912,0.8192352259559675,0.11458257647315265,,8.093,4.807,,,0.863,13.763,,145.0,725.0,,,707.0,1577.0,,,0.5880258664535348,0.3492697812976822,0.06270435224878297,12.9,,870.0,,,25.8,,0.5880258664535348,0.3492697812976822,0.06270435224878297
22,NatWest - Group plc,2020Q3,Corporate & Commercial,GBP,1.0,,0.005525507478632479,0.03514195359414419,0.4322820037105751,0.031040661843515543,,59.904,56.286,,,3.234,119.42399999999999,,331.0,1978.0,,,1398.0,3707.0,,,0.5016077170418007,0.4713122990353698,0.027079983922829582,116.19,,2309.0,,,232.38,,0.5016077170418007,0.4713122990353698,0.027079983922829582
24,NatWest - Group plc,2020Q3,Mortgages,GBP,1.0,,0.000211999152003392,0.009256861729673743,0.24372894047173346,0.005251719409682892,,150.944,30.896,,,2.671,184.51099999999997,,32.0,286.0,,,651.0,969.0,,,0.8180758870744834,0.1674480112296828,0.014476101695833854,181.83999999999997,,318.0,,,363.67999999999995,,0.8180758870744834,0.1674480112296828,0.014476101695833854
25,NatWest - Group plc,2020Q3,Other Assets,GBP,1.0,,,,,,,,,,,,0.0,,,,,,,0.0,,,,,,,,,,,,,,,
26,NatWest - Group plc,2020Q3,Other Loans & Advances,GBP,1.0,,0.0007911713393110724,0.020350480497456188,0.23076923076923075,0.002269675247300032,,49.294,3.538,,,0.039,52.870999999999995,,39.0,72.0,,,9.0,120.0,,,0.9323447636700649,0.06691759187456262,0.0007376444553725105,52.831999999999994,,111.0,,,105.66399999999999,,0.9323447636700649,0.06691759187456262,0.0007376444553725105
28,Santander - UK,2020Q3,Consumer Lending (including Auto Finance),GBP,1.0,,,,,0.027955801104972373,,16.2,1.5999999999999999,,,0.30000000000000004,18.1,,,,,,,506.0,,,0.8950276243093922,0.0883977900552486,0.01657458563535912,17.8,,,,,35.6,,0.8950276243093922,0.0883977900552486,0.01657458563535912
29,Santander - UK,2020Q3,Corporate & Commercial,GBP,1.0,,,,,0.027641025641025642,,13.8,4.8,,,0.9,19.5,,,,,,,539.0,,,0.7076923076923077,0.24615384615384614,0.046153846153846156,18.6,,,,,37.2,,0.7076923076923077,0.24615384615384614,0.046153846153846156
31,Santander - UK,2020Q3,Mortgages,GBP,1.0,,,,,0.0016507747318235996,,155.6,10.4,,,1.8,167.8,,,,,,,277.0,,,0.9272943980929678,0.06197854588796186,0.010727056019070322,166.0,,,,,332.0,,0.9272943980929678,0.06197854588796186,0.010727056019070322
32,Santander - UK,2020Q3,Other Assets,GBP,1.0,,,,,,,,,,,,0.0,,,,,,,0.0,,,,,,,,,,,,,,,
33,Santander - UK,2020Q3,Other Loans & Advances,GBP,1.0,,,,,0.012564102564102566,,3.8,0.1,,,,3.9,,,,,,,49.0,,,0.9743589743589743,0.025641025641025644,,3.9,,,,,7.8,,0.9743589743589743,0.025641025641025644,
35,Standard Chatered,2020Q3,Consumer Lending (including Auto Finance),USD,1.2891,,,,,,,,,,,,0.0,,,,,,,0.0,,,,,,,,,,,,,,,
36,Standard Chatered,2020Q3,Corporate & Commercial,USD,1.2891,,,,,,,,,,,,0.0,,,,,,,0.0,,,,,,,,,,,,,,,
38,Standard Chatered,2020Q3,Mortgages,USD,1.2891,,,,,,,,,,,,0.0,,,,,,,0.0,,,,,,,,,,,,,,,
39,Standard Chatered,2020Q3,Other Assets,USD,1.2891,,,,,,,,,,,,0.0,,,,,,,0.0,,,,,,,,,,,,,,,
40,Standard Chatered,2020Q3,Other Loans & Advances,USD,1.2891,,,,,,,,,,,,0.0,,,,,,,0.0,,,,,,,,,,,,,,,
0,Barclays - Group,2020Q2,Consumer Lending (including Auto Finance),GBP,1.0,,0.02341678528566245,0.24350623871929689,0.7375108287611897,0.12483905063899299,,35.829,12.743,12.186,0.557,3.463,52.035000000000004,,839.0,3103.0,2661.0,286.0,2554.0,6496.0,0.04371027230636428,,0.6885557797636206,0.24489286057461324,0.06655135966176612,48.572,,3942.0,,,97.144,,0.6885557797636206,0.24489286057461324,0.06655135966176612
1,Barclays - Group,2020Q2,Corporate & Commercial,GBP,1.0,,0.002637542256398826,0.030617623467400025,0.3201417601890136,0.017479330562325063,,107.676,43.635,42.922,0.713,3.386,154.697,,284.0,1336.0,892.0,29.0,1084.0,2704.0,0.016340093961269623,0.0,0.6960445257503377,0.282067525549946,0.02188794869971622,151.311,,1620.0,,,302.622,,0.6960445257503377,0.282067525549946,0.02188794869971622
3,Barclays - Group,2020Q2,Mortgages,GBP,1.0,,0.00016343268059311206,0.004094519263973164,0.17558602388323752,0.0031945222216565703,,134.612,20.271,19.229,1.042,2.261,157.14399999999998,,22.0,83.0,62.0,21.0,397.0,502.0,0.05140348280795225,,0.8566155882502674,0.12899633457211224,0.014388077177620529,154.88299999999998,,105.0,,,309.76599999999996,,0.8566155882502674,0.12899633457211224,0.014388077177620529
4,Barclays - Group,2020Q2,Other Assets,GBP,1.0,,,,,,,,,,,,0.0,,,,,,,0.0,,,,,,,,,,,,,,,
5,Barclays - Group,2020Q2,Other Loans & Advances,GBP,1.0,,,,,,,,,,,,0.0,,,,,,,0.0,,,,,,,,,,,,,,,
7,Barclays - UK,2020Q2,Consumer Lending (including Auto Finance),GBP,1.0,,0.022502870264064292,0.26421404682274247,0.7133526850507983,0.13989129902560837,,13.065,5.98,5.782,0.198,1.378,20.423000000000002,0.0,294.0,1580.0,1458.0,122.0,983.0,2857.0,0.03311036789297659,,0.6397199236155314,0.2928071292170592,0.06747294716740929,19.045,,1874.0,983.0,,38.09,,0.6397199236155314,0.2928071292170592,0.06747294716740929
8,Barclays - UK,2020Q2,Corporate & Commercial,GBP,1.0,,0.0008044829116733244,0.02039473684210526,0.15850622406639003,0.00793852260402003,,36.048,6.080000000000001,6.039000000000001,0.041,1.205,43.333,0.0,29.0,124.0,121.0,3.0,191.0,344.0,0.006743421052631578,,0.8318833221794014,0.14030877160593547,0.027807906214663194,42.128,,153.0,191.0,,84.256,,0.8318833221794014,0.14030877160593547,0.027807906214663194
10,Barclays - UK,2020Q2,Mortgages,GBP,1.0,,8.00371372316755e-05,0.0014954620462046206,0.04211469534050179,0.0005912684771399105,,124.942,19.392,18.529,0.863,1.116,145.45000000000002,0.0,10.0,29.0,23.0,6.0,47.0,86.0,0.04450288778877888,,0.8590030938466826,0.13332416638019937,0.00767273977311791,144.334,,39.0,47.0,,288.668,,0.8590030938466826,0.13332416638019937,0.00767273977311791
11,Barclays - UK,2020Q2,Other Assets,GBP,1.0,,,,,,,,,,,,0.0,,,,,,,0.0,,,,,,,,,,,,,,,
12,Barclays - UK,2020Q2,Other Loans & Advances,GBP,1.0,,0.00014184397163120567,0.005060728744939271,,0.00030834589557352334,,28.2,0.988,,,,29.188,,4.0,5.0,,,,9.0,,,0.9661504727970399,0.03384952720296012,,29.188,,9.0,,,58.376,,0.9661504727970399,0.03384952720296012,
14,Clydesdale Bank plc,2020Q2,Consumer Lending (including Auto Finance),GBP,1.0,-0.4,0.01602759180361128,0.2434782608695652,0.6363636363636364,0.04230769230769231,0.005,4.929,0.46,0.425,0.035,0.066,5.46,-2.0,79.0,112.0,92.0,20.0,42.0,231.0,0.07608695652173914,0.0009157509157509158,0.9027472527472528,0.08424908424908426,0.012087912087912088,5.389,0.07100000000000001,191.0,40.0,75.90140845070422,10.778,0.14200000000000002,0.9027472527472528,0.08424908424908426,0.013003663003663004
15,Clydesdale Bank plc,2020Q2,Corporate & Commercial,GBP,1.0,,0.007903718340219149,0.05693371289141928,0.28205128205128205,0.031449572237618996,0.0,5.567,2.459,2.456,0.003,0.273,8.299,0.0,44.0,140.0,140.0,0.0,77.0,261.0,0.0012200081333875558,0.0,0.670803711290517,0.2963007591276058,0.03289552958187734,8.026,0.273,184.0,77.0,29.399267399267398,16.052,0.546,0.670803711290517,0.2963007591276058,0.03289552958187734
17,Clydesdale Bank plc,2020Q2,Mortgages,GBP,1.0,-0.010869565217391304,0.0001230098759357537,0.00633445945945946,0.0728643216080402,0.0008366240546148183,0.092,56.906,2.368,2.18,0.188,0.398,59.764,-1.0,7.0,15.0,8.0,7.0,29.0,50.0,0.0793918918918919,0.0015393882604912655,0.952178569038217,0.03962251522655779,0.006659527474733954,59.274,0.49,22.0,28.0,120.96734693877552,118.548,0.98,0.952178569038217,0.03962251522655779,0.008198915735225219
18,Clydesdale Bank plc,2020Q2,Other Assets,GBP,1.0,,,,,,,,,,,,0.0,,,,,,,0.0,,,,,,,,,,,,,,,
19,Clydesdale Bank plc,2020Q2,Other Loans & Advances,GBP,1.0,,,,,,,,,,,,0.0,,,,,,,0.0,,,,,,,,,,,,,,,
21,Co-operative Bank,2020Q2,Consumer Lending (including Auto Finance),GBP,1.0,-0.08256592343478557,0.01749953552286736,0.0024943254828216255,0.8150126355360802,0.008173722093448833,-0.001726537844658843,0.14663003160600852,1.4859259564355964,,,0.0085705498030521,1.6393999999999982,0.14255319148936174,2.56595744680851,3.7063829787234046,,,6.985106382978725,13.400000000000002,,-0.0010531522780644412,0.0894412782762039,0.9063840163691583,0.005227857632702275,1.632555988041605,0.006844011958393258,6.272340425531914,7.127659574468087,238.5378631665737,3.26511197608321,0.013688023916786515,0.0894412782762039,0.9063840163691583,0.004174705354637834
22,Co-operative Bank,2020Q2,Corporate & Commercial,GBP,1.0,,0.011890606420927468,0.007163790296320418,0.8181818181818181,0.019410133602218303,0.0,0.0841,0.3071,,,0.0055,0.3967,0.0,1.0,2.2,,,4.5,7.7,,0.0,0.2119989916813713,0.774136627174187,0.013864381144441643,0.3912,0.0055,3.2,4.5,71.12727272727273,0.7824,0.011,0.2119989916813713,0.774136627174187,0.013864381144441643
24,Co-operative Bank,2020Q2,Mortgages,GBP,1.0,0.0006109637749881432,0.00028658436001391055,0.0071247752808854216,-0.02391810037638772,0.0004811306570440535,0.09402653784465884,15.82096996839399,0.6587740435644033,,,0.0537294501969479,16.6275,0.05744680851063827,4.53404255319149,4.693617021276596,,,-1.285106382978725,8.0,,0.0056548812415972835,0.9514942094959549,0.03961954855296366,0.0032313607094841615,16.479744011958395,0.14775598804160672,9.227659574468086,-1.2276595744680867,111.53351028533511,32.95948802391679,0.29551197608321345,0.9514942094959549,0.03961954855296366,0.008886241951081444
25,Co-operative Bank,2020Q2,Other Assets,GBP,1.0,,,,,,,,,,,,0.0,,2.5100000000000002,,,,,2.5100000000000002,,,,,,,,,,,,,,,
26,Co-operative Bank,2020Q2,Other Loans & Advances,GBP,1.0,,,,,,,,,,,,0.0,,,,,,,0.0,,,,,,,,,,,,,,,
28,Coventry BS,2020Q2,Consumer Lending (including Auto Finance),GBP,1.0,,,,,,,,,,,,0.0,,,,,,,0.0,,,,,,,,,,,,,,,
29,Coventry BS,2020Q2,Corporate & Commercial,GBP,1.0,,,,,,,,,,,,0.0,,,,,,,0.0,,,,,,,,,,,,,,,
31,Coventry BS,2020Q2,Mortgages,GBP,1.0,,,,,0.0011606000697755555,0.20329999999999998,39.8681,2.8097000000000003,1.8501000000000003,0.9596,0.1139,42.995,,,,,,,49.900000000000006,0.3415311243193223,0.0047284567973020115,0.9272729387138039,0.06534945923944646,0.0026491452494476105,42.6778,0.3172,,,134.54539722572508,85.3556,0.6344,0.9272729387138039,0.06534945923944646,0.007377602046749622
32,Coventry BS,2020Q2,Other Assets,GBP,1.0,,,,,,,,,,,,0.0,,,,,,,0.0,,,,,,,,,,,,,,,
33,Coventry BS,2020Q2,Other Loans & Advances,GBP,1.0,,,,,0.0603448275862069,0.0,0.0155,0.0069,0.0039,0.003,0.0008,0.0232,,,,,,,1.4,0.4347826086956522,0.0,0.6681034482758621,0.2974137931034483,0.03448275862068966,0.0224,0.0008,,,28.0,0.0448,0.0016,0.6681034482758621,0.2974137931034483,0.03448275862068966
35,HSBC - Group,2020Q2,Consumer Lending (including Auto Finance),USD,1.2475,,0.002565761306069385,0.13171225937183384,0.42813588850174217,0.01078260145136672,0.0,319.983,13.818,,,2.296,336.097,0.0,821.0,1820.0,,,983.0,3624.0,,0.0,0.952055507784955,0.04111313103062509,0.006831361184419974,333.801,2.296,2641.0,983.0,145.38371080139373,667.602,4.592,0.952055507784955,0.04111313103062509,0.006831361184419974
36,HSBC - Group,2020Q2,Corporate & Commercial,USD,1.2475,0.33,0.0017784144940781266,0.015675023180140305,0.4185529346358509,0.011066620841154515,0.3,647.768,171.483,,,12.591000000000001,832.1419999999999,99.0,1152.0,2688.0,,,5270.0,9209.0,,0.00036051539280555485,0.7784344498895622,0.20607420368158322,0.015130831036049138,819.251,12.891000000000002,3840.0,5369.0,63.55216817934993,1638.502,25.782000000000004,0.7784344498895622,0.20607420368158322,0.015491346428854694
38,HSBC - Group,2020Q2,Mortgages,USD,1.2475,,0.00034069046601111586,0.0190439672801636,0.13333333333333336,0.0025339138909411005,0.0,299.392,15.648,,,3.045,318.08500000000004,0.0,102.0,298.0,,,406.0,806.0,,0.0,0.9412326893754813,0.04919439772387883,0.009572912900639765,315.04,3.045,400.0,406.0,103.46141215106734,630.08,6.09,0.9412326893754813,0.04919439772387883,0.009572912900639765
39,HSBC - Group,2020Q2,Other Assets,USD,1.2475,,,,,,,,,,,,0.0,,,,,,,0.0,,,,,,,,,,,,,,,
40,HSBC - Group,2020Q2,Other Loans & Advances,USD,1.2475,,0.0001723808268929941,0.007972924598913078,0.25939849624060146,0.0006013910771240825,0.0,1009.393,30.729,,,0.798,1040.92,0.0,174.0,245.0,,,207.0,626.0,,0.0,0.9697123698266917,0.02952100065326826,0.0007666295200399647,1040.122,0.798,419.0,207.0,1303.4110275689222,2080.244,1.596,0.9697123698266917,0.02952100065326826,0.0007666295200399647
42,HSBC - UK,2020Q2,Consumer Lending (including Auto Finance),GBP,1.0,,0.01695440918019229,0.17739041271468853,0.5883534136546185,0.08165150653780558,0.0,9.673,3.901,,,0.498,14.072,0.0,164.0,692.0,,,293.0,1149.0,,0.0,0.6873934053439454,0.27721716884593517,0.03538942581011939,13.574,0.498,856.0,293.0,27.2570281124498,27.148,0.996,0.6873934053439454,0.27721716884593517,0.03538942581011939
43,HSBC - UK,2020Q2,Corporate & Commercial,GBP,1.0,0.1714285714285714,0.0044962597485277735,0.04474034620505992,0.3046804680468047,0.023408004027183488,0.035,50.264,15.02,,,2.222,67.541,6.0,226.0,672.0,,,677.0,1581.0,,0.0005182037577175346,0.744199819368976,0.2223834411690677,0.03289853570423891,65.284,2.257,898.0,683.0,28.92512184315463,130.568,4.514,0.744199819368976,0.2223834411690677,0.033416739461956446
45,HSBC - UK,2020Q2,Mortgages,GBP,1.0,,0.0002189337924308617,0.05244755244755245,0.10171568627450982,0.002448086172633277,0.0,100.487,2.86,,,0.816,104.163,0.0,22.0,150.0,,,83.0,255.0,,0.0,0.9647091577623532,0.02745696648522028,0.007833875752426485,103.347,0.816,172.0,83.0,126.65073529411765,206.694,1.632,0.9647091577623532,0.02745696648522028,0.007833875752426485
46,HSBC - UK,2020Q2,Other Assets,GBP,1.0,,,,,,,,,,,,0.0,,,,,,,0.0,,,,,,,,,,,,,,,
47,HSBC - UK,2020Q2,Other Loans & Advances,GBP,1.0,,9.780588791445246e-05,0.035118525021949086,0.078125,0.0008153607571663815,0.0,61.346,1.1389999999999998,,,0.064,62.549,0.0,6.0,40.0,,,5.0,51.0,,0.0,0.9807670786103694,0.018209723576715853,0.001023197812914675,62.485,0.064,46.0,5.0,976.328125,124.97,0.128,0.9807670786103694,0.018209723576715853,0.001023197812914675
49,Leeds BS,2020Q2,Consumer Lending (including Auto Finance),GBP,1.0,,0.0,,,0.0,0.0,0.4401,0.0,0.0,0.0,0.0,0.4401,0.0,0.0,0.0,0.0,0.0,0.0,0.0,,0.0,1.0,0.0,0.0,0.4401,0.0,0.0,0.0,inf,0.8802,0.0,1.0,0.0,0.0
50,Leeds BS,2020Q2,Corporate & Commercial,GBP,1.0,,,,,,,,,,,,0.0,,,,,,,0.0,,,,,,,,,,,,,,,
52,Leeds BS,2020Q2,Mortgages,GBP,1.0,,0.0003115716252445475,0.005639733804564425,0.09027373325567851,0.002447031095933238,0.0,13.801,2.6597,2.5975,0.0622,0.1717,16.6324,0.0,4.3,15.0,13.8,1.2,15.5,40.699999999999996,0.02338609617626048,0.0,0.8297659988937255,0.15991077655660035,0.01032322454967413,16.4607,0.1717,19.3,15.5,95.86895748398369,32.9214,0.3434,0.8297659988937255,0.15991077655660035,0.01032322454967413
53,Leeds BS,2020Q2,Other Assets,GBP,1.0,,,,,,,,,,,,0.0,,,,,,,0.0,,,,,,,,,,,,,,,
54,Leeds BS,2020Q2,Other Loans & Advances,GBP,1.0,,,,,,,,,,,,0.0,,,,,,,0.0,,,,,,,,,,,,,,,
56,Lloyds - Statutory,2020Q2,Consumer Lending (including Auto Finance),GBP,1.0,,0.015545857916965855,0.13923255936694515,0.4114391143911439,0.03782582685240578,,50.352,7.069,6.1,1.0,1.084,58.505,,782.7650378350647,984.2349621649353,700.2349621649353,284.0,446.0,2213.0,0.14146272457207526,,0.8606443893684299,0.12082727971968207,0.018528330911887873,57.421,,1767.0,,,114.842,,0.8606443893684299,0.12082727971968207,0.018528330911887873
57,Lloyds - Statutory,2020Q2,Corporate & Commercial,GBP,1.0,,0.004166666666666667,0.05123529411764706,0.386,0.027676767676767678,,78.0,17.0,16.3,1.0,4.0,99.0,,325.0,871.0,861.0,10.0,1544.0,2740.0,0.058823529411764705,,0.7878787878787878,0.1717171717171717,0.04040404040404041,95.0,,1196.0,,,190.0,,0.7878787878787878,0.1717171717171717,0.04040404040404041
59,Lloyds - Statutory,2020Q2,Mortgages,GBP,1.0,,0.0004565109879658631,0.011159090909090908,0.0374,0.003890369322459442,,236.577,44.0,40.0,4.0,5.0,285.577,325.0,108.0,491.0,371.0,120.0,187.0,1111.0,0.09090909090909091,,0.8284175546350021,0.15407403257265115,0.017508412792346724,280.577,,599.0,512.0,,561.154,,0.8284175546350021,0.15407403257265115,0.017508412792346724
60,Lloyds - Statutory,2020Q2,Other Assets,GBP,1.0,,,,,,,,,,,,0.0,,,,,,,0.0,,,,,,,,,,,,,,,
61,Lloyds - Statutory,2020Q2,Other Loans & Advances,GBP,1.0,,0.0033125,,,0.003625,,64.0,,,,,64.0,,212.0,1.0,,1.0,19.0,232.0,,,1.0,,,,,213.0,,,,,1.0,,
63,Lloyds - Underlying,2020Q2,Consumer Lending (including Auto Finance),GBP,1.0,,0.016002642155923594,0.14177888840924252,0.4169741697416974,0.03862917699341936,,50.352,7.069,6.1,1.0,1.084,58.505,0.0,805.7650378350647,1002.2349621649353,905.2349621649353,97.0,452.0,2260.0,0.14146272457207526,,0.8606443893684299,0.12082727971968207,0.018528330911887873,57.421,,1808.0,452.0,,114.842,,0.8606443893684299,0.12082727971968207,0.018528330911887873
64,Lloyds - Underlying,2020Q2,Corporate & Commercial,GBP,1.0,,0.004166666666666667,0.05123529411764706,0.386,0.027676767676767678,,78.0,17.0,16.3,1.0,4.0,99.0,0.0,325.0,871.0,861.0,10.0,1544.0,2740.0,0.058823529411764705,,0.7878787878787878,0.1717171717171717,0.04040404040404041,95.0,,1196.0,1544.0,,190.0,,0.7878787878787878,0.1717171717171717,0.04040404040404041
66,Lloyds - Underlying,2020Q2,Mortgages,GBP,1.0,,0.0004565109879658631,0.020613636363636365,0.1496,0.006173466350581454,,236.577,44.0,40.0,4.0,5.0,285.577,0.0,108.0,907.0,640.0,267.0,748.0,1763.0,0.09090909090909091,,0.8284175546350021,0.15407403257265115,0.017508412792346724,280.577,,1015.0,748.0,,561.154,,0.8284175546350021,0.15407403257265115,0.017508412792346724
67,Lloyds - Underlying,2020Q2,Other Assets,GBP,1.0,,,,,,,,,,,,0.0,,,,,,,0.0,,,,,,,,,,,,,,,
68,Lloyds - Underlying,2020Q2,Other Loans & Advances,GBP,1.0,,0.0033125,,,0.003625,,64.0,,,,,64.0,0.0,212.0,1.0,0.0,1.0,19.0,232.0,,,1.0,,,,,213.0,19.0,,,,1.0,,
70,Metro Bank,2020Q2,Consumer Lending (including Auto Finance),GBP,1.0,,0.0446927374301676,0.5,0.9090909090909092,0.1111111111111111,0.0,0.179,0.008,0.0,0.008,0.011,0.198,0.0,8.0,4.0,,,10.0,22.0,1.0,0.0,0.904040404040404,0.0404040404040404,0.05555555555555555,0.187,0.011,12.0,10.0,17.0,0.374,0.022,0.904040404040404,0.0404040404040404,0.05555555555555555
71,Metro Bank,2020Q2,Corporate & Commercial,GBP,1.0,,0.011021814006888633,0.06521739130434781,0.21487603305785125,0.017988729952319028,0.0,4.355,0.138,0.002,0.136,0.121,4.614000000000001,0.0,48.0,9.0,,,26.0,83.0,0.9855072463768115,0.0,0.9438664932813177,0.02990897269180754,0.026224534026874725,4.493,0.121,57.0,26.0,37.13223140495868,8.986,0.242,0.9438664932813177,0.02990897269180754,0.026224534026874725
73,Metro Bank,2020Q2,Mortgages,GBP,1.0,,0.0022383287145597954,0.015214384508990318,0.09411764705882353,0.003925417075564278,0.0,9.382,0.723,0.68,0.043000000000000003,0.085,10.190000000000001,0.0,21.0,11.0,,,8.0,40.0,0.05947441217150761,0.0,0.9207065750736014,0.07095191364082433,0.008341511285574092,10.105,0.085,32.0,8.0,118.88235294117646,20.21,0.17,0.9207065750736014,0.07095191364082433,0.008341511285574092
74,Metro Bank,2020Q2,Other Assets,GBP,1.0,,,,,,,,,,,,0.0,,,,,,,0.0,,,,,,,,,,,,,,,
75,Metro Bank,2020Q2,Other Loans & Advances,GBP,1.0,,,,,,,,,,,,0.0,,,,,,,0.0,,,,,,,,,,,,,,,
77,NatWest - Bank plc,2020Q2,Consumer Lending (including Auto Finance),GBP,1.0,,0.017655257859687162,0.16619074814391777,0.8354037267080747,0.11638215599358673,0.0,6.457,3.502,,,0.6439999999999999,10.603,,114.0,582.0,,,538.0,1234.0,0.0,0.0,0.6089785909648213,0.33028388192021124,0.06073752711496745,9.959,0.6439999999999999,696.0,,15.464285714285715,19.918,1.2879999999999998,0.6089785909648213,0.33028388192021124,0.06073752711496745
78,NatWest - Bank plc,2020Q2,Corporate & Commercial,GBP,1.0,,0.004691670178395843,0.030260894157573468,0.4069077172153265,0.02760425143028831,,35.595,42.431000000000004,,,1.853,79.879,,167.0,1284.0,,,754.0,2205.0,0.0,0.0,0.4456114873746541,0.5311909262759925,0.023197586349353396,78.02600000000001,,1451.0,,,156.05200000000002,,0.4456114873746541,0.5311909262759925,0.023197586349353396
80,NatWest - Bank plc,2020Q2,Mortgages,GBP,1.0,,0.00012019712328218278,0.0072902812669326635,0.1482213438735178,0.002142250937662551,0.0,124.795,20.301,,,1.012,146.108,,15.0,148.0,,,150.0,313.0,0.0,0.0,0.8541284529252334,0.13894516385139757,0.006926383223369015,145.096,1.012,163.0,,143.37549407114625,290.192,2.024,0.8541284529252334,0.13894516385139757,0.006926383223369015
81,NatWest - Bank plc,2020Q2,Other Assets,GBP,1.0,,,,,,,,,,,,0.0,,,,,,,0.0,,,,,,,,,,,,,,,
82,NatWest - Bank plc,2020Q2,Other Loans & Advances,GBP,1.0,,0.0005243626976444013,0.01521099116781158,0.5,0.0017142431243944247,0.0,24.792,2.038,,,0.004,26.834000000000003,,13.0,31.0,,,2.0,46.0,0.0,0.0,0.9239025117388387,0.07594842364164864,0.00014906461951255868,26.830000000000002,0.004,44.0,,6707.5,53.660000000000004,0.008,0.9239025117388387,0.07594842364164864,0.00014906461951255868
84,NatWest - Group plc,2020Q2,Consumer Lending (including Auto Finance),GBP,1.0,,0.016971125515615793,0.16005349977708427,0.8270142180094786,0.11292073832790446,,8.485,4.486,,,0.844,13.815,,144.0,718.0,,,698.0,1560.0,0.0,0.0,0.6141874773796597,0.324719507781397,0.06109301483894318,12.971,,862.0,,,25.942,,0.6141874773796597,0.324719507781397,0.06109301483894318
85,NatWest - Group plc,2020Q2,Corporate & Commercial,GBP,1.0,,0.0045887001045302345,0.031164921046731367,0.4435952308162641,0.02992894331837978,,56.44299999999999,62.442,,,3.2710000000000004,122.15599999999999,,259.0,1946.0,,,1451.0,3656.0,0.0,0.0,0.4620567143652379,0.5111660499688923,0.026777235665869877,118.88499999999999,,2205.0,,,237.76999999999998,,0.4620567143652379,0.5111660499688923,0.026777235665869877
87,NatWest - Group plc,2020Q2,Mortgages,GBP,1.0,,0.0002222992278370939,0.01110603986003347,0.2353333333333333,0.005662893233610808,,152.947,26.292,,,3.0,182.239,,34.0,292.0,,,706.0,1032.0,0.0,0.0,0.8392660187994886,0.1442720822655963,0.016461898934915137,179.239,,326.0,,,358.478,,0.8392660187994886,0.1442720822655963,0.016461898934915137
88,NatWest - Group plc,2020Q2,Other Assets,GBP,1.0,,,,,,,,,,,,0.0,,,,,,,0.0,,,,,,,,,,,,,,,
89,NatWest - Group plc,2020Q2,Other Loans & Advances,GBP,1.0,,0.0006588564722353764,0.01820580474934037,0.3125,0.0020238663484486875,,48.569,3.79,,,0.016,52.375,,32.0,69.0,,,5.0,106.0,0.0,0.0,0.9273317422434368,0.07236276849642005,0.0003054892601431981,52.359,,101.0,,,104.718,,0.9273317422434368,0.07236276849642005,0.0003054892601431981
91,Nationwide,2020Q2,Consumer Lending (including Auto Finance),GBP,1.0,,0.00908763230041615,0.18675146188638977,0.9822759459266147,0.09891870244293152,0.0,3.857,0.827,0.0,0.0,0.31,4.994,0.0,35.050997782705096,154.44345898004434,0.0,0.0,304.50554323725055,494.0,0.0,0.0,0.7723267921505808,0.1655987184621546,0.06207448938726472,4.684,0.31,189.49445676274945,304.50554323725055,15.10967741935484,9.368,0.62,0.7723267921505808,0.1655987184621546,0.06207448938726472
92,Nationwide,2020Q2,Corporate & Commercial,GBP,1.0,,,,,,,,,,,,0.0,,3.6363636363636362,3.6363636363636362,0.0,0.0,32.72727272727273,40.0,,,,,,,,7.2727272727272725,,,,,,,
94,Nationwide,2020Q2,Mortgages,GBP,1.0,-0.005988023952095808,0.0002849017101818699,0.018482889245246818,0.03649729323484858,0.0013566404826464646,0.167,176.023,8.479,7.033,0.48,1.271,185.94,-1.0,50.149253731343286,156.71641791044777,,,46.38805970149254,252.25373134328362,0.05661044934544168,0.0008981391846832312,0.9466655910508767,0.045600731418737224,0.006835538345702915,184.502,1.438,206.86567164179107,45.38805970149254,128.30458970792768,369.004,2.876,0.9466655910508767,0.045600731418737224,0.007733677530386146
95,Nationwide,2020Q2,Other Assets,GBP,1.0,,,,,,,,,,,,0.0,,,,,,,0.0,,,,,,,,,,,,,,,
96,Nationwide,2020Q2,Other Loans & Advances,GBP,1.0,,,,,,,,,,,,0.0,,0.0,0.0,,,,0.0,,,,,,,,0.0,,,,,,,
98,Paragon - Group,2020Q2,Consumer Lending (including Auto Finance),GBP,1.0,0.0,0.001451378809869376,0.031746031746031744,0.15488215488215487,0.01525374009973599,0.1608,0.1378,0.0126,0.0068,0.0058,0.0297,0.3409,0.0,0.2,0.4,0.1,0.3,4.6,5.199999999999999,0.4603174603174603,0.47169257846875917,0.40422411264300384,0.03696098562628337,0.08712232326195365,0.1504,0.1905,0.6000000000000001,4.6,0.789501312335958,0.3008,0.381,0.40422411264300384,0.03696098562628337,0.5588149017307129
99,Paragon - Group,2020Q2,Corporate & Commercial,GBP,1.0,0.020833333333333336,0.01133064230578571,0.028117359413202935,0.38,0.015936779716825816,0.0096,1.4121,0.0818,0.0722,0.0096,0.015,1.5185,0.2,16.0,2.3,2.0,0.3,5.7,24.2,0.11735941320293398,0.006322028317418505,0.9299308528152782,0.05386894962133684,0.009878169245966415,1.4939,0.024599999999999997,18.3,5.9,60.72764227642277,2.9878,0.049199999999999994,0.9299308528152782,0.05386894962133684,0.016200197563384918
101,Paragon - Group,2020Q2,Mortgages,GBP,1.0,0.0,0.00018773775999209527,0.014068780705672176,0.2240184757505774,0.003481621147348181,0.0152,10.1205,0.4478,0.3861,0.0617,0.1299,10.7134,0.0,1.9,6.3,3.1,3.2,29.1,37.3,0.13778472532380528,0.0014187839528067654,0.9446580917355835,0.04179812197808352,0.012125002333526237,10.5683,0.14509999999999998,8.2,29.1,72.83459682977258,21.1366,0.29019999999999996,0.9446580917355835,0.04179812197808352,0.013543786286333001
102,Paragon - Group,2020Q2,Other Assets,GBP,1.0,,,,,,,,,,,,0.0,,,,,,,0.0,,,,,,,,,,,,,,,
103,Paragon - Group,2020Q2,Other Loans & Advances,GBP,1.0,,,,,,,,,,,,0.0,,,,,,,0.0,,,,,,,,,,,,,,,
105,Santander - UK,2020Q2,Consumer Lending (including Auto Finance),GBP,1.0,,0.005246656855844897,0.1288753799392096,0.6233766233766237,0.027192230791202476,,15.629000000000019,1.6450000000000014,,,0.23099999999999987,17.505000000000024,,82.0,212.0,,,144.0,476.0,,,0.8928306198229076,0.0939731505284204,0.013196229648671783,17.274000000000022,,294.0,,,34.548000000000044,,0.8928306198229076,0.0939731505284204,0.013196229648671783
106,Santander - UK,2020Q2,Corporate & Commercial,GBP,1.0,,0.002244745255424801,0.030819434372733868,0.37236533957845436,0.019230769230769232,,14.701,5.516,,,0.427,20.644,,33.0,170.0,,,159.0,397.0,,,0.7121197442356133,0.26719627979073823,0.02068397597364852,20.217,,203.0,,,40.434,,0.7121197442356133,0.26719627979073823,0.02068397597364852
108,Santander - UK,2020Q2,Mortgages,GBP,1.0,,7.783312577833127e-05,0.014299499956136505,0.0611672278338945,0.0017089216465400311,,154.176,11.399,,,1.782,167.357,,12.0,163.0,,,109.0,286.0,,,0.921240222996349,0.06811188059059375,0.010647896413057118,165.575,,175.0,,,331.15,,0.921240222996349,0.06811188059059375,0.010647896413057118
109,Santander - UK,2020Q2,Other Assets,GBP,1.0,,,,,,,,,,,,0.0,,,,,,,0.0,,,,,,,,,,,,,,,
110,Santander - UK,2020Q2,Other Loans & Advances,GBP,1.0,,4.908035681419404e-05,0.06535947712418301,0.38095238095238093,0.0002693668654267628,,81.499,0.153,,,0.021,81.673,,4.0,10.0,,,8.0,22.0,,,0.9978695529734428,0.0018733241095588505,0.00025712291699827363,81.652,,14.0,,,163.304,,0.9978695529734428,0.0018733241095588505,0.00025712291699827363
112,Skipton BS,2020Q2,Consumer Lending (including Auto Finance),GBP,1.0,,,,,,,,,,,,0.0,,,,,,,0.0,,,,,,,,,,,,,,,
113,Skipton BS,2020Q2,Corporate & Commercial,GBP,1.0,,0.0012836970474967909,0.07551319648093842,0.2080536912751678,0.058900523560209424,0.0,0.0779,0.1364,0.1022,0.034199999999999994,0.0149,0.2292,0.0,0.1,10.3,,,3.1,13.5,0.25073313782991197,0.0,0.3398778359511344,0.5951134380453752,0.0650087260034904,0.2143,0.0149,10.4,3.1,14.38255033557047,0.4286,0.0298,0.3398778359511344,0.5951134380453752,0.0650087260034904
115,Skipton BS,2020Q2,Mortgages,GBP,1.0,,0.00014170867965662896,0.002022337638461185,0.03413400758533502,0.0004708212189901127,0.0,18.3475,2.1757,2.0587,0.11699999999999999,0.0791,20.6023,0.0,2.6,4.4,,,2.7,9.7,0.05377579629544514,0.0,0.8905559088062983,0.1056047140367823,0.0038393771569193735,20.5232,0.0791,7.0,2.7,259.4589127686473,41.0464,0.1582,0.8905559088062983,0.1056047140367823,0.0038393771569193735
116,Skipton BS,2020Q2,Other Assets,GBP,1.0,,,,,,,,,,,,0.0,,,,,,,0.0,,,,,,,,,,,,,,,
117,Skipton BS,2020Q2,Other Loans & Advances,GBP,1.0,,,0.25,,0.004828002414001207,0.0,0.1625,0.0032,,,0.0,0.16570000000000001,,,0.8,,,,0.8,,0.0,0.9806879903439951,0.01931200965600483,0.0,0.16570000000000001,0.0,,,inf,0.33140000000000003,0.0,0.9806879903439951,0.01931200965600483,0.0
119,Standard Chatered,2020Q2,Consumer Lending (including Auto Finance),USD,1.2475,,,,,,,,,,,,0.0,,,,,,,0.0,,,,,,,,,,,,,,,
120,Standard Chatered,2020Q2,Corporate & Commercial,USD,1.2475,,,,,,,,,,,,0.0,,,,,,,0.0,,,,,,,,,,,,,,,
122,Standard Chatered,2020Q2,Mortgages,USD,1.2475,,,,,,,,,,,,0.0,,,,,,,0.0,,,,,,,,,,,,,,,
123,Standard Chatered,2020Q2,Other Assets,USD,1.2475,,,,,,,,,,,,0.0,,,,,,,0.0,,,,,,,,,,,,,,,
124,Standard Chatered,2020Q2,Other Loans & Advances,USD,1.2475,,,,,,,,,,,,0.0,,,,,,,0.0,,,,,,,,,,,,,,,
126,Virgin Money,2020Q2,Consumer Lending (including Auto Finance),GBP,1.0,-0.4,0.01602759180361128,0.24347826086956526,0.6363636363636364,0.04230769230769231,0.005,4.929,0.45999999999999996,0.425,0.035,0.066,5.46,-2.0,79.0,112.0,92.0,20.0,42.0,231.0,0.07608695652173915,0.0009157509157509158,0.9027472527472528,0.08424908424908424,0.012087912087912088,5.389,0.07100000000000001,191.0,40.0,75.90140845070422,10.778,0.14200000000000002,0.9027472527472528,0.08424908424908424,0.013003663003663004
127,Virgin Money,2020Q2,Corporate & Commercial,GBP,1.0,,0.007899461400359065,0.05693371289141928,0.28205128205128205,0.03143820766080463,0.0,5.57,2.459,2.456,0.003,0.273,8.302,0.0,44.0,140.0,140.0,0.0,77.0,261.0,0.0012200081333875558,0.0,0.6709226692363287,0.2961936882678873,0.032883642495784154,8.029,0.273,184.0,77.0,29.41025641025641,16.058,0.546,0.6709226692363287,0.2961936882678873,0.032883642495784154
129,Virgin Money,2020Q2,Mortgages,GBP,1.0,-0.010869565217391304,0.0001230098759357537,0.006334459459459458,0.0728643216080402,0.0008366240546148183,0.092,56.906,2.3680000000000003,2.18,0.188,0.398,59.764,-1.0,7.0,15.0,8.0,7.0,29.0,50.0,0.07939189189189189,0.0015393882604912655,0.952178569038217,0.0396225152265578,0.006659527474733954,59.274,0.49,22.0,28.0,120.96734693877552,118.548,0.98,0.952178569038217,0.0396225152265578,0.008198915735225219
130,Virgin Money,2020Q2,Other Assets,GBP,1.0,,,,,,,,,,,,0.0,,,,,,,0.0,,,,,,,,,,,,,,,
131,Virgin Money,2020Q2,Other Loans & Advances,GBP,1.0,,,,,,,,,,,,0.0,,,,,,,0.0,,,,,,,,,,,,,,,
133,Yorkshire BS - Group,2020Q2,Consumer Lending (including Auto Finance),GBP,1.0,,,,,,,,,,,,0.0,,,,,,,0.0,,,,,,,,,,,,,,,
134,Yorkshire BS - Group,2020Q2,Corporate & Commercial,GBP,1.0,,,,,,,,,,,,0.0,,,,,,,0.0,,,,,,,,,,,,,,,
136,Yorkshire BS - Group,2020Q2,Mortgages,GBP,1.0,0.0016663580818366969,0.00020505429544808755,0.008084780946137878,0.032454361054766734,0.0010935067410851396,0.5401,34.1373,2.7459000000000002,2.6282,0.1177,0.3451,37.76840000000001,0.9,7.0,22.2,,,11.2,41.3,0.042863906187406674,0.014300314548670316,0.9038587814151512,0.07270363584372119,0.009137268192457186,36.8832,0.8852,29.2,12.1,41.66651604157253,73.7664,1.7704,0.9038587814151512,0.07270363584372119,0.023437582741127498
137,Yorkshire BS - Group,2020Q2,Other Assets,GBP,1.0,,,,,,,,,,,,0.0,,,,,,,0.0,,,,,,,,,,,,,,,
138,Yorkshire BS - Group,2020Q2,Other Loans & Advances,GBP,1.0,,,,,,,,,,,,0.0,,,,,,,0.0,,,,,,,,,,,,,,,
0,Barclays - Group,2020Q1,Consumer Lending (including Auto Finance),GBP,1.0,,0.016377662589079307,0.23598276408778127,0.741276506295886,0.10486531817662625,,41.973,11.814,11.366,0.448,3.402,57.189,,687.4196318514257,2787.9003749330477,,,2521.8226744186045,5997.142681203079,0.03792111054680887,,0.7339348476105545,0.20657818811309867,0.05948696427634685,53.787,,3475.3200067844737,,,107.574,,0.7339348476105545,0.20657818811309867,0.05948696427634685
1,Barclays - Group,2020Q1,Corporate & Commercial,GBP,1.0,,0.0015686426995735916,0.05668295938564279,0.32909581562057183,0.011095841829268845,,152.731,12.457,11.756,0.701,2.79,167.97799999999998,,239.58036814857422,706.0996250669523,,,918.1773255813954,1863.8573187969218,0.05627358111904952,,0.9092321613544632,0.07415852075867078,0.016609317886866138,165.188,,945.6799932155266,,,330.376,,0.9092321613544632,0.07415852075867078,0.016609317886866138
3,Barclays - Group,2020Q1,Mortgages,GBP,1.0,,0.00016740177882585848,0.004720239465807046,0.16612529002320187,0.0029505292472008205,,137.394,17.372,16.64,0.732,2.155,156.92100000000002,,23.0,82.0,69.0,13.0,358.0,463.0,0.04213677181671655,,0.8755615883151394,0.11070538678698197,0.013733024897878547,154.76600000000002,,105.0,,,309.53200000000004,,0.8755615883151394,0.11070538678698197,0.013733024897878547
4,Barclays - Group,2020Q1,Other Assets,GBP,1.0,,5.3964300539643004e-05,0.003,1.0,0.000524769535269058,0.0,240.9,1.0,,,0.111,242.011,0.0,13.0,3.0,,,111.0,127.0,,0.0,0.995409299577292,0.004132043584795733,0.0004586568379123263,241.9,0.111,16.0,111.0,2179.2792792792793,483.8,0.222,0.995409299577292,0.004132043584795733,0.0004586568379123263
5,Barclays - Group,2020Q1,Other Loans & Advances,GBP,1.0,,,,,,,,,,,,0.0,,,,,,,0.0,,,,,,,,,,,,,,,
7,HSBC - Group,2020Q1,Consumer Lending (including Auto Finance),USD,1.237096,,,,,,,,,,,,0.0,,,,,,,0.0,,,,,,,,,,,,,,,
8,HSBC - Group,2020Q1,Corporate & Commercial,USD,1.237096,0.3177257525083612,0.0018973835294318296,0.019857089131252354,0.478903636559836,0.012548285019958702,0.299,469.067,79.77,,,9.267,558.403,95.0,890.0,1584.0,,,4438.0,7007.0,,0.0005354555759908167,0.8400151861648307,0.14285381704611186,0.016595541213066545,548.837,9.565999999999999,2474.0,4533.0,57.373719422956306,1097.674,19.131999999999998,0.8400151861648307,0.14285381704611186,0.017130996789057364
10,HSBC - Group,2020Q1,Mortgages,USD,1.237096,,,,,,,,,,,,0.0,,,,,,,0.0,,,,,,,,,,,,,,,
11,HSBC - Group,2020Q1,Other Assets,USD,1.237096,,7.76545771644622e-05,0.021859516176041968,0.31543624161073824,0.0002319068317471582,,785.53,3.431,,,0.149,789.11,,61.0,75.0,,,47.0,183.0,,,0.9954632434007933,0.004347936282647539,0.00018882031655916159,788.961,,136.0,,,1577.922,,0.9954632434007933,0.004347936282647539,0.00018882031655916159
12,HSBC - Group,2020Q1,Other Loans & Advances,USD,1.237096,,0.0008300893061598352,0.009638080251770261,0.4033898305084746,0.003016571208356035,,69.872,5.084,,,0.295,75.251,1.0,58.0,49.0,,,119.0,227.0,,,0.9285192223359158,0.06756056397921621,0.0039202136848679745,74.956,,107.0,120.0,,149.912,,0.9285192223359158,0.06756056397921621,0.0039202136848679745
14,Lloyds - Underlying,2020Q1,Consumer Lending (including Auto Finance),GBP,1.0,,,,,,,,,,,,0.0,,,,,,,1786.0,,,,,,,,,,,,,,,
15,Lloyds - Underlying,2020Q1,Corporate & Commercial,GBP,1.0,,,,,,,,,,,,0.0,,,,,,,1826.0,,,,,,,,,,,,,,,
17,Lloyds - Underlying,2020Q1,Mortgages,GBP,1.0,,,,,,,,,,,,0.0,,,,,,,1345.0,,,,,,,,,,,,,,,
18,Lloyds - Underlying,2020Q1,Other Assets,GBP,1.0,,,,,0.0,,15.320999999999998,0.0,,,0.003,15.323999999999998,,,,,,,0.0,,,0.999804228660924,0.0,0.0001957713390759593,15.320999999999998,,,,,30.641999999999996,,0.999804228660924,0.0,0.0001957713390759593
19,Lloyds - Underlying,2020Q1,Other Loans & Advances,GBP,1.0,,,,,,,,,,,,0.0,,,,,,,40.0,,,,,,,,,,,,,,,
21,NatWest - Group plc,2020Q1,Consumer Lending (including Auto Finance),GBP,1.0,,,,,0.026524122065092363,,,,,,,14.779,,153.0,536.0,,,671.0,392.0,,,,,,,,689.0,,,,,,,
22,NatWest - Group plc,2020Q1,Corporate & Commercial,GBP,1.0,,,,,0.002560298418888559,,,,,,,117.955,,441.0,406.0,,,1247.0,302.0,,,,,,,,847.0,,,,,,,
24,NatWest - Group plc,2020Q1,Mortgages,GBP,1.0,,,,,0.0012350349370243447,,,,,,,179.752,,43.0,129.0,,,687.0,222.0,,,,,,,,172.0,,,,,,,
25,NatWest - Group plc,2020Q1,Other Assets,GBP,1.0,,,,,,,,,,,,0.0,,,,,,,0.0,,,,,,,,,,,,,,,
26,NatWest - Group plc,2020Q1,Other Loans & Advances,GBP,1.0,,,,,0.001318689259005022,,,,,,,55.358,,23.0,6.0,,,7.0,73.0,,,,,,,,29.0,,,,,,,
28,Santander - UK,2020Q1,Consumer Lending (including Auto Finance),GBP,1.0,,,,,0.025960264900662253,,13.5,1.4,,,0.2,15.1,,,,,,,392.0,,,0.8940397350993378,0.09271523178807947,0.013245033112582783,14.9,,,,,29.8,,0.8940397350993378,0.09271523178807947,0.013245033112582783
29,Santander - UK,2020Q1,Corporate & Commercial,GBP,1.0,,,,,0.014046511627906974,,16.700000000000003,4.5,,,0.3,21.500000000000004,,,,,,,302.0,,,0.7767441860465116,0.2093023255813953,0.01395348837209302,21.200000000000003,,,,,42.400000000000006,,0.7767441860465116,0.2093023255813953,0.01395348837209302
31,Santander - UK,2020Q1,Mortgages,GBP,1.0,,,,,0.0013230035756853396,,157.8,8.3,,,1.7,167.8,,,,,,,222.0,,,0.9404052443384983,0.04946364719904649,0.010131108462455303,166.10000000000002,,,,,332.20000000000005,,0.9404052443384983,0.04946364719904649,0.010131108462455303
32,Santander - UK,2020Q1,Other Assets,GBP,1.0,,,,,,,,,,,,0.0,,,,,,,0.0,,,,,,,,,,,,,,,
33,Santander - UK,2020Q1,Other Loans & Advances,GBP,1.0,,,,,0.01659090909090909,,4.4,,,,,4.4,,,,,,,73.0,,,1.0,,,,,,,,,,1.0,,
0,Barclays - Group,2019Q4,Consumer Lending (including Auto Finance),GBP,1.0,,0.01254020690254716,0.1931406264522725,0.6890583748899972,0.08315054835493518,0.0,46.012,10.759,10.255,0.504,3.409,60.18,0.0,577.0,2078.0,1818.1205779770803,259.8794220229198,2349.0,5004.0,0.0468445022771633,0.0,0.7645729478231971,0.17878032568959787,0.05664672648720505,56.771,3.409,2655.0,2349.0,16.653270753886773,113.542,6.818,0.7645729478231971,0.17878032568959787,0.05664672648720505
1,Barclays - Group,2019Q4,Corporate & Commercial,GBP,1.0,,0.001744072281161467,0.03843941717791411,0.2492581602373887,0.009161219040603996,0.0,117.541,10.432,9.748000000000001,0.684,2.359,130.332,0.0,205.0,401.0,389.0496688741722,11.950331125827814,588.0,1194.0,0.06556748466257668,0.0,0.9018583310315196,0.08004173955743793,0.01809992941104257,127.973,2.359,606.0,588.0,54.24883425180161,255.946,4.718,0.9018583310315196,0.08004173955743793,0.01809992941104257
3,Barclays - Group,2019Q4,Mortgages,GBP,1.0,,0.00016210679890651594,0.003755207416534648,0.1605568445475638,0.0027886980266088267,0.0,135.713,17.043,16.317999999999998,0.725,2.155,154.911,0.0,22.0,64.0,51.0,13.0,346.0,432.0,0.042539459015431554,0.0,0.8760707761230642,0.11001801034142185,0.01391121353551394,152.756,2.155,86.0,346.0,70.88445475638052,305.512,4.31,0.8760707761230642,0.11001801034142185,0.01391121353551394
4,Barclays - Group,2019Q4,Other Assets,GBP,1.0,,8.080808080808081e-05,0.0025,1.0,0.00016073940124573035,0.0,148.5,0.8,0.0,0.0,0.01,149.31,,12.0,2.0,,,10.0,24.0,0.0,0.0,0.9945750452079566,0.005357980041524346,6.697475051905432e-05,149.3,0.01,14.0,,14930.0,298.6,0.02,0.9945750452079566,0.005357980041524346,6.697475051905432e-05
5,Barclays - Group,2019Q4,Other Loans & Advances,GBP,1.0,,,,,,,,,,,,0.0,,,,,,,0.0,,,,,,,,,,,,,,,
7,Barclays - UK,2019Q4,Consumer Lending (including Auto Finance),GBP,1.0,,0.011596138667961872,0.20320177524171817,0.6749999999999999,0.09713216957605984,0.0,16.471,6.309,6.1450000000000005,0.164,1.28,24.060000000000002,0.0,191.0,1282.0,1188.7064595257564,93.29354047424366,864.0,2337.0,0.025994610873355525,0.0,0.6845802161263508,0.26221945137157104,0.05320033250207813,22.78,1.28,1473.0,864.0,17.796875,45.56,2.56,0.6845802161263508,0.26221945137157104,0.05320033250207813
8,Barclays - UK,2019Q4,Corporate & Commercial,GBP,1.0,,0.0009497010200492438,0.02331162152896812,0.137123745819398,0.00795870079587008,0.0,28.43,2.917,2.905,0.012,1.196,32.543,0.0,27.0,68.0,66.0,2.0,164.0,259.0,0.004113815563935551,0.0,0.873613373075623,0.08963525182066803,0.03675137510370894,31.347,1.196,95.0,164.0,26.209866220735787,62.694,2.392,0.873613373075623,0.08963525182066803,0.03675137510370894
10,Barclays - UK,2019Q4,Mortgages,GBP,1.0,,4.7577888969066445e-05,0.0014661860834504247,0.05004549590536852,0.0005920168272077005,0.0,126.109,16.369,15.725999999999999,0.643,1.099,143.577,0.0,6.0,24.0,18.0,6.0,55.0,85.0,0.03928156881910929,0.0,0.8783370595568928,0.1140085111125041,0.007654429330603091,142.478,1.099,30.0,55.0,129.64331210191085,284.956,2.198,0.8783370595568928,0.1140085111125041,0.007654429330603091
11,Barclays - UK,2019Q4,Other Assets,GBP,1.0,,,,,,,,,,,,0.0,,,,,,,0.0,,,,,,,,,,,,,,,
12,Barclays - UK,2019Q4,Other Loans & Advances,GBP,1.0,,0.00012244897959183673,,,0.00012244897959183673,0.0,24.5,0.0,0.0,0.0,0.0,24.5,0.0,3.0,0.0,0.0,0.0,0.0,3.0,,0.0,1.0,0.0,0.0,24.5,0.0,3.0,0.0,inf,49.0,0.0,1.0,0.0,0.0
14,HSBC - Group,2019Q4,Consumer Lending (including Auto Finance),USD,1.3194,,0.0017225943876763496,0.12324114507520624,0.4013157894736843,0.0077956997242802865,0.0,323.93000000000006,10.304999999999998,,,1.9759999999999998,336.21100000000007,0.0,558.0,1270.0,,,793.0,2621.0,,0.0,0.9634723432606309,0.030650395138767012,0.005877261600602001,334.23500000000007,1.9759999999999998,1828.0,793.0,169.14726720647778,668.4700000000001,3.9519999999999995,0.9634723432606309,0.030650395138767012,0.005877261600602001
15,HSBC - Group,2019Q4,Corporate & Commercial,USD,1.3194,0.28695652173913044,0.0010807453917097152,0.013307819431155955,0.4205246913580247,0.006942687152131078,0.34500000000000003,743.9309999999999,80.47899999999998,80.09399999999998,0.385,9.072,833.8269999999999,99.0,804.0,1071.0,1041.0,30.0,3815.0,5789.0,0.004783856658258677,0.0004137548916022149,0.8921886674334125,0.0965176229601584,0.010879954714826936,824.4099999999999,9.417,1875.0,3914.0,87.5448656684719,1648.8199999999997,18.834,0.8921886674334125,0.0965176229601584,0.011293709606429152
17,HSBC - Group,2019Q4,Mortgages,USD,1.3194,,0.00012498758136210826,0.0096085912109651,0.13745928338762214,0.001641949481342612,0.0,312.031,7.077,,,3.07,322.178,0.0,39.0,68.0,,,422.0,529.0,,0.0,0.9685049879259292,0.021966118108623183,0.009528893965447672,319.108,3.07,107.0,422.0,103.94397394136809,638.216,6.14,0.9685049879259292,0.021966118108623183,0.009528893965447672
18,HSBC - Group,2019Q4,Other Assets,USD,1.3194,,,,,,,,,,,,0.0,,,,,,,0.0,,,,,,,,,,,,,,,
19,HSBC - Group,2019Q4,Other Loans & Advances,USD,1.3194,0.0,0.00011910728500250598,0.007325240686479699,0.3614130434782609,0.0003543536542720596,0.001,847.975,9.556000000000001,9.524000000000001,0.032,0.368,857.9000000000001,0.0,101.0,70.0,70.0,0.0,133.0,304.0,0.0033486814566764333,1.1656370206317751e-06,0.9884310525702296,0.011138827369157245,0.0004289544235924932,857.5310000000001,0.369,171.0,133.0,2323.9322493224936,1715.0620000000001,0.738,0.9884310525702296,0.011138827369157245,0.000430120060613125
21,HSBC - UK,2019Q4,Consumer Lending (including Auto Finance),GBP,1.0,,0.005302628588743277,0.1383296047725578,0.5745341614906833,0.038630052452946616,0.0,13.201,2.682,,,0.322,16.205000000000002,0.0,70.0,371.0,,,185.0,626.0,,0.0,0.8146251157050293,0.16550447392780004,0.019870410367170625,15.883000000000001,0.322,441.0,185.0,49.32608695652174,31.766000000000002,0.644,0.8146251157050293,0.16550447392780004,0.019870410367170625
22,HSBC - UK,2019Q4,Corporate & Commercial,GBP,1.0,0.0,0.0029344575896588228,0.029161882893226174,0.2963719979560552,0.015371027472612608,0.027,53.843,8.71,8.647,0.063,1.957,64.537,0.0,158.0,254.0,247.0,7.0,580.0,992.0,0.007233065442020665,0.00041836465903280284,0.8342966050482669,0.1349613400065079,0.030323690286192414,62.553000000000004,1.984,412.0,580.0,31.52872983870968,125.10600000000001,3.968,0.8342966050482669,0.1349613400065079,0.030742054945225215
24,HSBC - UK,2019Q4,Mortgages,GBP,1.0,,0.00012097140034476849,0.010093727469358327,0.10454545454545454,0.0011629740597650397,0.0,99.197,1.387,,,0.88,101.464,0.0,12.0,14.0,,,92.0,118.0,,0.0,0.977657100055192,0.013669873058424663,0.008673026886383347,100.584,0.88,26.0,92.0,114.3,201.168,1.76,0.977657100055192,0.013669873058424663,0.008673026886383347
25,HSBC - UK,2019Q4,Other Assets,GBP,1.0,,,,,,,,,,,,0.0,0.0,0.002,0.0,,,0.003,0.005,,,,,,,,0.002,0.003,,,,,,
26,HSBC - UK,2019Q4,Other Loans & Advances,GBP,1.0,,8.823399655887413e-05,0.00704225352112676,0.03448275862068966,0.000174714451069034,0.0,45.334,0.42600000000000005,0.42600000000000005,0.0,0.028999999999999998,45.78900000000001,,4.0,3.0,3.0,0.0,1.0,8.0,0.0,0.0,0.9900631155954486,0.009303544519426062,0.0006333398851252483,45.760000000000005,0.028999999999999998,7.0,,1577.9310344827588,91.52000000000001,0.057999999999999996,0.9900631155954486,0.009303544519426062,0.0006333398851252483
28,Lloyds - Statutory,2019Q4,Consumer Lending (including Auto Finance),GBP,1.0,,0.009052283426252321,0.09194615752234261,0.3762781186094069,0.023991275899672846,0.0,48.459,5.582999999999999,5.3759999999999994,0.20700000000000002,0.9780000000000001,55.02,0.0,438.66460255276127,513.3353974472387,461.33539744723873,52.0,368.0,1320.0,0.0370768404083826,0.0,0.880752453653217,0.10147219193020718,0.01777535441657579,54.042,0.9780000000000001,952.0,368.0,55.257668711656436,108.084,1.9560000000000002,0.880752453653217,0.10147219193020718,0.01777535441657579
29,Lloyds - Statutory,2019Q4,Corporate & Commercial,GBP,1.0,,0.0013169497154243443,0.04204905723343901,0.27444154337104726,0.01356923617498424,0.0,87.323,5.993,5.728000000000001,0.265,3.447,96.76299999999999,0.0,115.0,252.0,251.0,1.0,946.0,1313.0,0.04421825463040214,0.0,0.9024420491303494,0.061934830462056785,0.035623120407593814,93.31599999999999,3.447,367.0,946.0,27.071656512909772,186.63199999999998,6.894,0.9024420491303494,0.061934830462056785,0.035623120407593814
31,Lloyds - Statutory,2019Q4,Mortgages,GBP,1.0,0.01035438238296631,9.336959185817158e-05,0.016592855033953354,0.08100929614873838,0.0019675101487562153,13.714,257.043,16.935,15.314999999999998,1.62,1.506,289.198,142.0,24.0,281.0,223.0,58.0,122.0,569.0,0.09565987599645706,0.04742079820745649,0.8888132006445412,0.058558496255160825,0.005207504892841583,273.978,15.22,305.0,264.0,18.001182654402104,547.956,30.44,0.8888132006445412,0.058558496255160825,0.05262830310029807
32,Lloyds - Statutory,2019Q4,Other Assets,GBP,1.0,,1.3053978199856407e-07,,0.001,3.2628556512659887e-07,,15.320999999999998,0.0,,,0.003,15.323999999999998,0.0,0.002,0.0,,,0.003,0.005,,,0.999804228660924,0.0,0.0001957713390759593,15.320999999999998,,0.002,0.003,,30.641999999999996,,0.999804228660924,0.0,0.0001957713390759593
33,Lloyds - Statutory,2019Q4,Other Loans & Advances,GBP,1.0,,0.0002799650043744532,0.03125,0.19047619047619047,0.0005762581636573186,0.0,57.15,0.032,0.029,0.003,0.084,57.266,0.0,16.0,1.0,1.0,0.0,16.0,33.0,0.09375,0.0,0.9979743652429015,0.0005587957950616422,0.0014668389620368107,57.181999999999995,0.084,17.0,16.0,680.7380952380952,114.36399999999999,0.168,0.9979743652429015,0.0005587957950616422,0.0014668389620368107
35,Lloyds - Underlying,2019Q4,Consumer Lending (including Auto Finance),GBP,1.0,,0.009584203616370277,0.09527261923027412,0.39344262295081966,0.025104221659900602,0.0,48.378,5.577,5.37,0.20700000000000002,0.9760000000000001,54.931,0.0,463.66460255276127,531.3353974472387,477.33539744723873,54.0,384.0,1379.0,0.037116729424421735,0.0,0.8807048843094064,0.10152737070142542,0.017767744989168232,53.955,0.9760000000000001,995.0,384.0,55.28176229508196,107.91,1.9520000000000002,0.8807048843094064,0.10152737070142542,0.017767744989168232
36,Lloyds - Underlying,2019Q4,Corporate & Commercial,GBP,1.0,,0.0013169497154243443,0.04204905723343901,0.27444154337104726,0.01356923617498424,0.0,87.323,5.993,5.728000000000001,0.265,3.447,96.76299999999999,0.0,115.0,252.0,251.0,1.0,946.0,1313.0,0.04421825463040214,0.0,0.9024420491303494,0.061934830462056785,0.035623120407593814,93.31599999999999,3.447,367.0,946.0,27.071656512909772,186.63199999999998,6.894,0.9024420491303494,0.061934830462056785,0.035623120407593814
38,Lloyds - Underlying,2019Q4,Mortgages,GBP,1.0,,0.00010047920853300355,0.02287800879350175,0.13562514716270307,0.004195345788266142,0.0,258.76,26.838,23.347,3.491,4.247,289.845,0.0,26.0,614.0,447.0,167.0,576.0,1216.0,0.13007675683732023,0.0,0.892753023167555,0.09259431765253842,0.0146526591799065,285.598,4.247,640.0,576.0,67.24699788085708,571.196,8.494,0.892753023167555,0.09259431765253842,0.0146526591799065
39,Lloyds - Underlying,2019Q4,Other Assets,GBP,1.0,,1.3053978199856407e-07,,0.001,3.2628556512659887e-07,,15.320999999999998,0.0,,,0.003,15.323999999999998,0.0,0.002,0.0,,,0.003,0.005,,,0.999804228660924,0.0,0.0001957713390759593,15.320999999999998,,0.002,0.003,,30.641999999999996,,0.999804228660924,0.0,0.0001957713390759593
40,Lloyds - Underlying,2019Q4,Other Loans & Advances,GBP,1.0,,0.0002799650043744532,0.03125,0.19047619047619047,0.0005762581636573186,0.0,57.15,0.032,0.029,0.003,0.084,57.266,0.0,16.0,1.0,1.0,0.0,16.0,33.0,0.09375,0.0,0.9979743652429015,0.0005587957950616422,0.0014668389620368107,57.181999999999995,0.084,17.0,16.0,680.7380952380952,114.36399999999999,0.168,0.9979743652429015,0.0005587957950616422,0.0014668389620368107
42,NatWest - Bank plc,2019Q4,Consumer Lending (including Auto Finance),GBP,1.0,,0.010761999010390896,0.11290915777859506,0.8442477876106195,0.0766185784658691,,8.084,2.7190000000000003,,,0.565,11.368,,87.0,307.0,,,477.0,871.0,0.0,0.0,0.7111189303307529,0.23918015482054894,0.0497009148486981,10.803,,394.0,,,21.606,,0.7111189303307529,0.23918015482054894,0.0497009148486981
43,NatWest - Bank plc,2019Q4,Corporate & Commercial,GBP,1.0,,0.0019313522854335378,0.017304606921842765,0.4835646457268079,0.013411264304625222,,59.026,8.726,,,1.369,69.12100000000001,,114.0,151.0,,,662.0,927.0,0.0,0.0,0.8539517657441298,0.12624238653954659,0.019805847716323547,67.75200000000001,,265.0,,,135.50400000000002,,0.8539517657441298,0.12624238653954659,0.019805847716323547
45,NatWest - Bank plc,2019Q4,Mortgages,GBP,1.0,,8.5593787447282e-05,0.007452139277913401,0.1564245810055866,0.0015234124438742783,,128.514,7.783,,,0.895,137.192,,11.0,58.0,,,140.0,209.0,0.0,0.0,0.9367455828328183,0.05673071316111727,0.0065237040060644935,136.297,,69.0,,,272.594,,0.9367455828328183,0.05673071316111727,0.0065237040060644935
46,NatWest - Bank plc,2019Q4,Other Assets,GBP,1.0,,,,,,,,,,,,0.0,,,,,,,0.0,,,,,,,,,,,,,,,
47,NatWest - Bank plc,2019Q4,Other Loans & Advances,GBP,1.0,,0.0005644788833581362,0.012195121951219513,0.3333333333333333,0.0007630869410388156,,19.487,0.164,,,0.006,19.657,,11.0,2.0,,,2.0,15.0,0.0,0.0,0.9913516813348934,0.008343083888691052,0.00030523477641552626,19.651,,13.0,,,39.302,,0.9913516813348934,0.008343083888691052,0.00030523477641552626
49,NatWest - Group plc,2019Q4,Consumer Lending (including Auto Finance),GBP,1.0,,0.009962994591517222,0.10787335388063884,0.8274044795783926,0.07520010762090536,0.0,10.539,3.569,3.431,0.138,0.759,14.867,0.0,105.0,385.0,,,628.0,1118.0,0.03866629307929392,0.0,0.7088854509988565,0.24006188202058248,0.05105266698056097,14.108,0.759,490.0,628.0,18.587615283267457,28.216,1.518,0.7088854509988565,0.24006188202058248,0.05105266698056097
50,NatWest - Group plc,2019Q4,Corporate & Commercial,GBP,1.0,,0.0018253496786736511,0.01994464343861934,0.49567610062893075,0.015594015621945201,0.0,92.58500000000001,12.284,11.995000000000001,0.28900000000000003,2.544,107.41300000000001,0.0,169.0,245.0,,,1261.0,1675.0,0.02352653858677955,0.0,0.8619533948404755,0.11436232113431334,0.0236842840252111,104.86900000000001,2.544,414.0,1261.0,41.222091194968556,209.73800000000003,5.088,0.8619533948404755,0.11436232113431334,0.0236842840252111
52,NatWest - Group plc,2019Q4,Mortgages,GBP,1.0,,0.00015697502841248017,0.010292193632795463,0.25053402502288674,0.005540134365499445,0.0,159.261,11.465,10.847999999999999,0.617,3.277,174.003,0.0,25.0,118.0,,,821.0,964.0,0.05381596162232883,0.0,0.9152773228047792,0.06588966856893272,0.018833008626288054,170.726,3.277,143.0,821.0,52.09826060421117,341.452,6.554,0.9152773228047792,0.06588966856893272,0.018833008626288054
53,NatWest - Group plc,2019Q4,Other Assets,GBP,1.0,,,,,0.0,,135.5,,,,,135.5,,,,,,,0.0,,,1.0,,,,,,,,,,1.0,,
54,NatWest - Group plc,2019Q4,Other Loans & Advances,GBP,1.0,,0.0005334322888883734,0.007272727272727273,0.4444444444444445,0.0008011903399336157,0.0,43.117000000000004,0.55,0.543,0.007,0.018,43.685,0.0,23.0,4.0,,,8.0,35.0,0.012727272727272726,0.0,0.986997825340506,0.012590133913242532,0.00041204074625157374,43.667,0.018,27.0,8.0,2425.944444444445,87.334,0.036,0.986997825340506,0.012590133913242532,0.00041204074625157374
56,Nationwide,2019Q4,Consumer Lending (including Auto Finance),GBP,1.0,,0.007631430186546072,0.17345597897503287,0.902439024390244,0.09114696903619712,0.0,3.538,0.761,,,0.287,4.585999999999999,0.0,27.0,132.0,,,259.0,418.0,,0.0,0.7714784125599652,0.16593981683384215,0.06258177060619276,4.2989999999999995,0.287,159.0,259.0,14.979094076655052,8.597999999999999,0.574,0.7714784125599652,0.16593981683384215,0.06258177060619276
57,Nationwide,2019Q4,Corporate & Commercial,GBP,1.0,,0.0005128862674701885,0.006688963210702342,0.4861111111111112,0.005018359853121175,0.0,7.799,0.299,,,0.072,8.17,0.0,4.0,2.0,,,35.0,41.0,,0.0,0.9545899632802938,0.036597307221542225,0.008812729498164014,8.098,0.072,6.0,35.0,112.47222222222224,16.196,0.144,0.9545899632802938,0.036597307221542225,0.008812729498164014
59,Nationwide,2019Q4,Mortgages,GBP,1.0,,0.0002102272727272727,0.014941176470588236,0.03304484657749804,0.0011088921306339527,,176.0,8.5,7.9990000000000006,0.48,1.271,185.771,0.0,37.0,127.0,96.0,31.0,42.0,206.0,0.05647058823529411,0.0,0.9474029853959983,0.045755257817420375,0.006841756786581329,184.5,,164.0,42.0,,369.0,,0.9474029853959983,0.045755257817420375,0.006841756786581329
60,Nationwide,2019Q4,Other Assets,GBP,1.0,,,,,,,,,,,,0.0,,,,,,,0.0,,,,,,,,,,,,,,,
61,Nationwide,2019Q4,Other Loans & Advances,GBP,1.0,,0.0,,,0.0,0.0,0.008,0.0,,,0.0,0.008,0.0,0.0,0.0,,,0.0,0.0,,0.0,1.0,0.0,0.0,0.008,0.0,0.0,0.0,inf,0.016,0.0,1.0,0.0,0.0
63,Santander - UK,2019Q4,Consumer Lending (including Auto Finance),GBP,1.0,,0.005862646566164153,0.12826420890937024,0.5700934579439253,0.023542034839686945,0.0,14.328000000000003,1.3019999999999996,,,0.21399999999999997,15.844000000000003,0.0,84.0,167.0,,,122.0,373.0,,0.0,0.9043170916435244,0.08217621812673563,0.01350669022973996,15.630000000000003,0.21399999999999997,251.0,122.0,73.03738317757012,31.260000000000005,0.42799999999999994,0.9043170916435244,0.08217621812673563,0.01350669022973996
64,Santander - UK,2019Q4,Corporate & Commercial,GBP,1.0,,0.002557829181494662,0.036806883365200764,0.408955223880597,0.012738229386115333,0.0,17.983999999999998,2.092,,,0.335,20.410999999999998,0.0,46.0,77.0,,,137.0,260.0,,0.0,0.881093527999608,0.10249375336828183,0.01641271863211014,20.075999999999997,0.335,123.0,137.0,59.92835820895521,40.151999999999994,0.67,0.881093527999608,0.10249375336828183,0.01641271863211014
66,Santander - UK,2019Q4,Mortgages,GBP,1.0,,9.004547296384674e-05,0.012382003187446367,0.059814169570267126,0.0013183676431456975,0.0,155.477,8.157,,,1.722,165.35600000000002,,14.0,101.0,,,103.0,218.0,,0.0,0.9402561745567138,0.049329930574034196,0.010413894869251794,163.63400000000001,1.722,115.0,,95.02555168408828,327.26800000000003,3.444,0.9402561745567138,0.049329930574034196,0.010413894869251794
67,Santander - UK,2019Q4,Other Assets,GBP,1.0,,,,,0.0,0.0,69.35899999999998,0.028999999999999915,,,0.018000000000000238,69.40599999999998,,,,,,,0.0,,0.0,0.9993228251159842,0.0004178313114139977,0.0002593435726017959,69.38799999999998,0.018000000000000238,,,3854.888888888837,138.77599999999995,0.036000000000000476,0.9993228251159842,0.0004178313114139977,0.0002593435726017959
68,Santander - UK,2019Q4,Other Loans & Advances,GBP,1.0,,0.0006818181818181818,0.03,,0.0026666666666666666,0.0,4.4,0.1,,,0.0,4.5,0.0,3.0,3.0,,,6.0,12.0,,0.0,0.9777777777777779,0.022222222222222223,0.0,4.5,0.0,6.0,6.0,inf,9.0,0.0,0.9777777777777779,0.022222222222222223,0.0
70,Standard Chatered,2019Q4,Consumer Lending (including Auto Finance),USD,1.3194,,0.006876859012492565,0.15652173913043477,0.44271412680756395,0.019313451170408794,0.0,42.02499999999999,1.0350000000000001,0.462,0.34,0.899,43.95899999999999,0.0,289.0,162.0,45.0,40.0,398.0,849.0,0.32850241545893716,0.0,0.9560044587001525,0.023544666621169736,0.020450874678677865,43.05999999999999,0.899,451.0,398.0,47.8976640711902,86.11999999999998,1.798,0.9560044587001525,0.023544666621169736,0.020450874678677865
71,Standard Chatered,2019Q4,Corporate & Commercial,USD,1.3194,,0.0010133851285732383,0.015056461731493099,0.7466467958271237,0.05346854890333884,0.0,23.683,3.985,0.058,0.086,2.013,29.680999999999997,0.0,24.0,60.0,2.0,5.0,1503.0,1587.0,0.021580928481806774,0.0,0.7979178599103804,0.13426097503453388,0.06782116505508574,27.668,2.013,84.0,1503.0,13.744659711872828,55.336,4.026,0.7979178599103804,0.13426097503453388,0.06782116505508574
73,Standard Chatered,2019Q4,Mortgages,USD,1.3194,,0.00013136634131602801,0.0052677787532923615,0.4346289752650177,0.0018428142951553044,0.0,76.123,2.278,,,0.283,78.68400000000001,0.0,10.0,12.0,,,123.0,145.0,,0.0,0.9674520868283258,0.02895124803009506,0.003596665141578973,78.40100000000001,0.283,22.0,123.0,277.035335689046,156.80200000000002,0.566,0.9674520868283258,0.02895124803009506,0.003596665141578973
74,Standard Chatered,2019Q4,Other Assets,USD,1.3194,,6.235969069593415e-07,2.1660649819494584e-08,1e-06,1.804541528121265e-07,0.0,16.036,277.0,,,45.0,338.036,0.0,0.01,0.006,,,0.045,0.061,,0.0,0.04743873433598789,0.8194393496550664,0.1331219160089458,293.036,45.0,0.016,0.045,6.511911111111111,586.072,90.0,0.04743873433598789,0.8194393496550664,0.1331219160089458
75,Standard Chatered,2019Q4,Other Loans & Advances,USD,1.3194,,0.0008983638309801722,0.013972888425443171,0.7634795111430626,0.020101418722579912,0.0,156.952,14.385,0.147,0.198,4.173,175.51,0.0,141.0,201.0,3.0,4.0,3186.0,3528.0,0.013764337851929093,0.0,0.8942624351888782,0.08196114181528118,0.023776422995840693,171.337,4.173,342.0,3186.0,41.05847112389168,342.674,8.346,0.8942624351888782,0.08196114181528118,0.023776422995840693
